uid,date,study_week,stress_avg,high_stress,stress_predicted,high_stress_prob
u00,2013-03-27,,1.0,0,2.4627437959780627,0.05353302697760279
u00,2013-03-28,,3.1666666666666665,0,2.240939354075164,0.09264452293176297
u00,2013-03-29,,2.0,0,2.264146038319628,0.20845843228933286
u00,2013-03-30,,4.0,1,2.8755629740166686,0.8688045180106814
u00,2013-03-31,,4.5,1,2.4749633700084104,0.09754896316834119
u00,2013-04-02,,1.5,0,2.4827187430405755,0.1923933104128684
u00,2013-04-03,,2.5,0,2.490642935689296,0.22686575904805298
u00,2013-04-04,,2.333333333333333,0,2.1512185881350154,0.11788246809128841
u00,2013-04-05,,1.3333333333333333,0,2.7862693982490607,0.33711849067093996
u00,2013-04-07,,4.0,1,2.3788046394537856,0.19179433367858414
u00,2013-04-09,,1.6666666666666667,0,2.1913991169819966,0.11288661344119645
u00,2013-04-12,,2.0,0,2.403285555394255,0.32249173723966745
u00,2013-04-14,,3.0,0,2.11241915730659,0.8460087432596625
u00,2013-04-15,,3.0,0,2.4159492741324065,0.12363365573610219
u00,2013-04-16,,3.0,0,2.337577301788761,0.12391265225965743
u00,2013-04-17,,3.0,0,2.460159739188989,0.0376820689517783
u00,2013-04-18,,4.0,1,2.249335980635277,0.18088239315548613
u00,2013-04-23,,1.0,0,2.6054271820284924,0.6192447421032976
u00,2013-04-25,5.0,1.0,0,2.0629749959586268,0.2109607505461528
u00,2013-04-26,,1.0,0,2.297608278002188,0.2725111453290468
u00,2013-04-28,,1.0,0,2.338043291473985,0.08164884312963526
u00,2013-04-29,,2.0,0,2.335708706623003,0.2060811806544996
u00,2013-04-30,5.0,3.0,0,1.860758749668102,0.21842832696094025
u00,2013-05-06,,1.0,0,2.163499589449917,0.013494354347699813
u00,2013-05-08,,3.333333333333333,0,2.317755096997893,0.0641110088537698
u00,2013-05-14,,4.0,1,2.0025682251646226,0.18942224492837656
u00,2013-05-15,8.0,2.5,0,2.3784535752624474,0.2347697987392501
u00,2013-05-16,8.0,4.0,1,3.2485455570818056,0.6215048262752271
u00,2013-05-17,8.0,4.0,1,2.583807436577414,0.8069945257616249
u00,2013-05-20,8.0,1.0,0,2.152432166775013,0.17173156522918026
u00,2013-05-21,8.0,2.0,0,2.335654317204825,0.16718427097107533
u00,2013-05-22,9.0,1.0,0,2.7674266667428165,0.18397256701920822
u00,2013-05-23,,1.0,0,2.26834895189409,0.061123986803093625
u00,2013-05-24,,1.0,0,2.3870095330834022,0.09612934586503911
u00,2013-05-25,9.0,2.0,0,2.8602523729169067,0.04816173408616212
u00,2013-06-03,10.0,1.0,0,2.6356364364276113,0.6255675231119792
u01,2013-03-27,,4.0,1,2.4359350530228387,0.3823631972718547
u01,2013-03-28,,4.0,1,2.0274262311774933,0.08020099092002538
u01,2013-03-29,,3.0,0,2.52321936259765,0.23220823057596846
u01,2013-03-30,,1.0,0,2.466007764433085,0.34256481505242076
u01,2013-03-31,,1.5,0,2.3508621931949074,0.17218182391743658
u01,2013-04-03,,1.0,0,2.8867065564408367,0.41498242070941155
u01,2013-04-04,,4.0,1,2.4733495998065913,0.33431332849585454
u01,2013-04-05,,4.0,1,2.4938809820972256,0.2431257312603723
u01,2013-04-06,,5.0,1,2.388333537641476,0.5868230913591235
u01,2013-04-07,,1.0,0,2.5919905747171343,0.2912179220655387
u01,2013-04-09,,1.5,0,2.238272888706292,0.2933072112747135
u01,2013-04-10,,1.0,0,2.549253998464665,0.5664947260305654
u01,2013-04-11,,1.0,0,2.2558962177630963,0.06042689445718053
u01,2013-04-13,,4.0,1,2.402764209264682,0.3683623084685852
u01,2013-04-14,,1.0,0,2.4805989701240976,0.09100942826048694
u01,2013-04-15,,1.0,0,2.215850345406723,0.08489556012909785
u01,2013-04-16,,1.0,0,2.249079400473056,0.1550762990460403
u01,2013-04-17,,1.0,0,2.548848744636298,0.08998275152167909
u01,2013-04-18,,4.0,1,2.212118353123994,0.11411165747351466
u01,2013-04-20,,4.0,1,2.350016079586553,0.07347643854840753
u01,2013-04-26,5.0,1.0,0,1.8169717458614234,0.0440986300097999
u01,2013-04-28,,2.0,0,2.617158983685755,0.4725524696297533
u01,2013-04-29,,3.0,0,2.2498876571010644,0.20876339310386882
u01,2013-04-30,,2.0,0,2.22012873053257,0.21532359046411076
u01,2013-05-07,,1.0,0,2.5817653538578647,0.17895922868161715
u02,2013-03-27,,4.0,1,2.058163460843205,0.0949768232997525
u02,2013-03-28,,1.0,0,2.231759855892213,0.19561775341728763
u02,2013-03-29,,4.0,1,2.3028143682782414,0.1538254949410805
u02,2013-03-30,,4.0,1,2.607649973330962,0.19748166610266468
u02,2013-03-31,,5.0,1,2.6921655912769014,0.4715270576570279
u02,2013-04-03,,1.5,0,2.1527704735683275,0.6282909312923538
u02,2013-04-05,,1.0,0,2.337501582068136,0.09745681506823879
u02,2013-04-06,,4.0,1,2.5857989185110757,0.37729877211020113
u02,2013-04-07,,1.0,0,2.166231612971146,0.08464365074122118
u02,2013-04-08,,1.0,0,2.233749392380625,0.04715630348697153
u02,2013-04-09,,1.0,0,2.357550848281454,0.3572627187371951
u02,2013-04-11,,1.0,0,2.301553768686869,0.08662172944894694
u02,2013-04-13,,1.0,0,2.3055569802362577,0.1741015346212271
u02,2013-04-14,,2.0,0,2.4852091437797954,0.07604924098383979
u02,2013-04-15,,1.0,0,2.061380206541237,0.10268936529165718
u02,2013-04-16,,2.0,0,2.2840864545416446,0.30908714764453127
u02,2013-04-17,,4.0,1,2.2928702950686084,0.23616284814520327
u02,2013-04-18,,4.0,1,2.2689741494148463,0.2944530432625712
u02,2013-04-20,,4.0,1,2.3689256459380443,0.26312125736766273
u02,2013-04-23,,1.0,0,2.403964148595242,0.3459826124774572
u02,2013-04-25,5.0,1.0,0,1.7672998291831152,0.3015436802430268
u02,2013-04-28,,2.0,0,2.2411781680251943,0.047715978273941084
u02,2013-04-29,,2.0,0,2.0962839403077824,0.07529201573554362
u02,2013-04-30,5.0,2.0,0,1.854364786167829,0.03043631358738826
u02,2013-05-03,6.0,1.0,0,2.0140714695728867,0.17184807326125065
u02,2013-05-06,,1.0,0,2.0506742979468218,0.17517613510756025
u02,2013-05-07,6.0,1.0,0,2.033122443684596,0.021082492892832483
u02,2013-05-08,,1.0,0,2.193530313347451,0.13118564719582246
u03,2013-03-27,,3.333333333333333,0,2.1446493821705976,0.08217415167827148
u03,2013-03-31,,3.375,0,2.277398245895991,0.5206071132329699
u03,2013-04-04,,5.0,1,2.0914939419121223,0.18217141902254463
u03,2013-04-05,,5.0,1,2.2994330044546634,0.031352006480929805
u03,2013-04-06,,2.0,0,2.3407028069650706,0.2266267508905826
u03,2013-04-07,,3.0,0,2.49136720841312,0.06805581019523557
u03,2013-04-09,,1.0,0,2.1547101476492587,0.0805165593894885
u03,2013-04-14,,4.0,1,2.261451313044843,0.1161204927426366
u03,2013-04-17,,2.0,0,2.033085377848034,0.10939008832277831
u03,2013-04-21,,2.0,0,2.3138211802930373,0.09775478887629845
u03,2013-04-23,,1.0,0,2.18637567313515,0.3729098580679137
u03,2013-04-25,,1.0,0,2.127929774807693,0.06488072267773937
u03,2013-04-26,,1.0,0,2.0823253392001786,0.12941274605390599
u03,2013-04-28,,2.5,0,2.382878048487662,0.07262369783386764
u03,2013-04-29,,3.5,0,2.2277620412082504,0.03077975053799185
u03,2013-04-30,,5.0,1,2.0602252808748527,0.24274617035219156
u03,2013-05-12,7.0,1.0,0,2.260277455943858,0.4031865653030795
u04,2013-03-27,,2.0,0,2.2442597034350347,0.18252099283952664
u04,2013-03-29,,1.3333333333333333,0,2.4544039584606296,0.0801275076538688
u04,2013-03-30,,1.0,0,2.3793073150267166,0.0675707405756987
u04,2013-03-31,,1.0,0,2.3511705980742947,0.04355826007923632
u04,2013-04-01,,3.0,0,2.236279560321614,0.06027072846494836
u04,2013-04-02,,1.5,0,2.030797586269872,0.11126787540431717
u04,2013-04-03,,2.0,0,2.0346906470998545,0.04790590385821296
u04,2013-04-04,,1.0,0,2.138200301341999,0.0575116745069327
u04,2013-04-05,,1.5,0,2.162879334265088,0.02792287374567203
u04,2013-04-06,,1.0,0,3.0127857543581893,0.6459352279949584
u04,2013-04-07,,1.0,0,2.655160760469181,0.15365888779113446
u04,2013-04-09,,1.0,0,2.084439003204967,0.02885254278481655
u04,2013-04-11,,3.0,0,2.275213765204733,0.2517833875061404
u04,2013-04-14,,2.0,0,2.221497968608627,0.1767941696533176
u04,2013-04-15,,3.0,0,2.1170939686641326,0.01712999187072289
u04,2013-04-16,,2.5,0,2.2424488127320923,0.03093715687562344
u04,2013-04-17,,1.0,0,2.08638647925782,0.02899715719580259
u04,2013-04-18,,1.0,0,2.0789653635682814,0.017658891326564875
u04,2013-04-22,,1.0,0,2.086335275687492,0.07141773901073424
u04,2013-04-25,5.0,3.0,0,1.8913959553980626,0.0861233778728427
u04,2013-04-26,,3.0,0,2.2316808340310224,0.10786147017993701
u04,2013-04-28,,3.0,0,2.3938829427862207,0.20886413688796826
u04,2013-04-29,,3.0,0,2.095091104395953,0.03906339808346486
u04,2013-04-30,,3.0,0,1.6718464902610748,0.04401292083275777
u04,2013-05-07,,2.0,0,2.074008787426391,0.13606092451958793
u04,2013-05-08,,1.0,0,2.3001086964630857,0.10465401757696559
u04,2013-05-09,7.0,3.0,0,2.3211358056619584,0.11707270898023302
u05,2013-03-27,,4.333333333333333,1,2.424756039575408,0.5049803515097844
u05,2013-03-28,,2.5,0,2.213182287100521,0.15075374103132905
u05,2013-03-29,,4.0,1,2.480227521289884,0.19057583086640645
u05,2013-03-30,,4.0,1,2.6370033326012443,0.4313771621005183
u05,2013-03-31,,1.0,0,2.572954267605187,0.18618378598790017
u07,2013-03-27,,2.2,0,2.39932024800137,0.15666221484396725
u07,2013-03-28,,2.0,0,2.561431939429157,0.1442082098125578
u07,2013-03-29,,3.6666666666666665,0,2.2056090438852958,0.09682234890171082
u07,2013-03-30,,4.666666666666667,1,2.268680853325769,0.24837480740888335
u07,2013-03-31,,3.4,0,2.238008669380099,0.027297519373425148
u07,2013-04-01,,4.5,1,2.2205957160802745,0.15967964492132106
u07,2013-04-03,,4.0,1,2.3283102575805597,0.19589164637856016
u07,2013-04-04,,4.0,1,2.400411936299319,0.18205360149042965
u07,2013-04-05,,5.0,1,2.8536894986178294,0.10788363803240468
u07,2013-04-08,,4.0,1,2.349982464056435,0.22507243113882722
u07,2013-04-11,,2.5,0,2.1926922063328975,0.16066012599705778
u07,2013-04-12,,4.0,1,2.197494690058734,0.26739404224705826
u07,2013-04-13,,4.0,1,2.0018407078580607,0.0787950212786373
u07,2013-04-15,,2.0,0,2.2257179242192167,0.11568265181613141
u07,2013-04-16,,2.5,0,2.0139269875258057,0.057098654131708185
u07,2013-04-17,,4.0,1,2.1022738365449416,0.08245832763353113
u07,2013-04-18,,4.0,1,2.130277868456676,0.11058170334672461
u07,2013-04-20,,4.0,1,2.3626099927595297,0.08962977404001539
u07,2013-04-23,,4.5,1,2.250369582102899,0.07964256019240727
u08,2013-03-27,,2.5,0,2.218067063261913,0.049144010928996645
u08,2013-03-28,,2.0,0,2.138431645705005,0.054162917475893295
u08,2013-03-29,,2.0,0,2.2099703178208965,0.12894316793742563
u08,2013-03-30,,1.0,0,2.340053960464665,0.08777869800030834
u08,2013-03-31,,3.0,0,2.219752173137279,0.10353345428653354
u08,2013-04-01,,1.2,0,2.272099608561316,0.1296664985409194
u08,2013-04-02,,1.0,0,2.046853929521914,0.10503575859329066
u08,2013-04-03,,1.0,0,2.3017475098595033,0.06507346576130542
u08,2013-04-04,,1.0,0,2.361689570346391,0.1914346254081379
u08,2013-04-05,,2.0,0,2.3977686875512276,0.36758072420051374
u08,2013-04-06,,1.0,0,2.9694634501021935,0.5325406221869312
u08,2013-04-07,,1.0,0,2.3309842675295642,0.2470484868029947
u08,2013-04-09,,1.0,0,2.08984063164717,0.08319546526563844
u08,2013-04-10,,2.333333333333333,0,2.1970472571274113,0.3123571333603658
u08,2013-04-11,,2.0,0,2.228500731432943,0.14694845646785443
u08,2013-04-12,,2.0,0,2.0094846072796257,0.17066312547958326
u08,2013-04-13,,2.0,0,2.045456033970135,0.18592434153852805
u08,2013-04-14,,2.0,0,2.4446749417060483,0.4140782572906708
u08,2013-04-15,,2.333333333333333,0,2.1679339434514078,0.11338821023005627
u08,2013-04-16,,2.0,0,1.903404801517926,0.08340398614901345
u08,2013-04-17,,2.0,0,2.1950924013429067,0.05487614100862206
u08,2013-04-18,,2.5,0,2.046788157460072,0.057091285716759664
u08,2013-04-20,,2.0,0,2.240827321372512,0.1100935426864095
u08,2013-04-21,,3.0,0,2.0780028887603583,0.10741999316620716
u08,2013-04-23,,2.0,0,2.005147682465945,0.15653127073432288
u08,2013-04-24,5.0,3.0,0,1.8798624364442968,0.12621587410516819
u08,2013-04-25,5.0,3.0,0,1.6714054625661707,0.03903117131059687
u08,2013-04-26,5.0,2.5,0,1.7987064542969031,0.05606668497221876
u08,2013-04-28,,2.0,0,2.1325646046241973,0.1977213101746077
u08,2013-04-29,,2.0,0,2.189272949340398,0.13234877151739907
u08,2013-04-30,,3.0,0,2.1937548416658825,0.06647976962714723
u08,2013-05-01,6.0,1.25,0,2.01306828611939,0.027017781326946693
u08,2013-05-02,6.0,1.0,0,2.092925231487007,0.03332985424292084
u08,2013-05-05,6.0,3.0,0,2.019322540605956,0.14920170822759296
u08,2013-05-06,6.0,2.0,0,1.8438625303722103,0.01503427549165348
u08,2013-05-08,7.0,2.0,0,2.1493486403217927,0.06140093621608642
u08,2013-05-09,,2.0,0,1.9727756112342636,0.49433740492678746
u08,2013-05-19,,2.0,0,2.0040945106978705,0.03250071930795432
u08,2013-05-23,,2.0,0,2.484419793750407,0.2519642673128132
u08,2013-05-24,,2.0,0,2.2543288303280664,0.1758426581023225
u09,2013-03-27,,4.0,1,2.246762856232529,0.3752733226249212
u09,2013-03-28,,4.0,1,2.251389022165484,0.3447060223093468
u09,2013-03-29,,1.0,0,2.2758736133997957,0.10641927175327123
u10,2013-03-27,,2.0,0,2.0633844405280244,0.07464043739042893
u10,2013-03-29,,2.0,0,2.2815591639498933,0.041746905121553546
u10,2013-03-30,,2.5,0,2.2213692344623204,0.07608395733326563
u10,2013-03-31,,2.2,0,2.130775422805244,0.04675852343681141
u10,2013-04-01,,3.25,0,1.7841502646912315,0.02704461479744281
u10,2013-04-02,,1.0,0,2.171037448867235,0.07208215280046429
u10,2013-04-03,,4.25,1,2.186287032031489,0.07488137985792512
u10,2013-04-04,,1.2,0,2.0461603483705253,0.056630225844222774
u10,2013-04-05,,2.0,0,2.036210301346913,0.0546878920319702
u10,2013-04-06,,3.0,0,2.078054197775061,0.09556998754064538
u10,2013-04-07,,2.0,0,2.112990776240923,0.024217228269322714
u10,2013-04-08,,4.25,1,1.931455271518367,0.06113526770604818
u10,2013-04-09,,2.6666666666666665,0,1.8495821672926454,0.07081378434394264
u10,2013-04-10,,1.5,0,1.957997119910368,0.021815337913267743
u10,2013-04-11,,2.2,0,2.134199088793004,0.08309545755848777
u10,2013-04-12,,1.0,0,2.0903637989250434,0.0621577802838563
u10,2013-04-13,,1.0,0,2.1933503132214542,0.06571322174824673
u10,2013-04-14,,1.0,0,2.1406499047762777,0.08545625034459613
u10,2013-04-15,,2.0,0,1.9372971687572285,0.029337944134890832
u10,2013-04-16,,1.5,0,2.1624374966390705,0.03226720812467751
u10,2013-04-17,,1.5,0,2.0840277233600286,0.06266975706714786
u10,2013-04-18,,2.5,0,1.935480606391748,0.04939338043566835
u10,2013-04-20,,3.0,0,2.1378619105053094,0.20558471899574987
u10,2013-04-21,,4.0,1,2.0242521863677814,0.07346272920368484
u10,2013-04-22,,4.0,1,2.001880403961216,0.07523533759696586
u10,2013-04-23,,1.2,0,1.9932375634768342,0.029871973314473096
u10,2013-04-24,5.0,2.0,0,1.6699595252066346,0.04399918578638713
u10,2013-04-25,5.0,3.0,0,1.8468078515565942,0.43794972458298864
u10,2013-04-26,5.0,1.5,0,1.7672414987527807,0.025809746147700333
u10,2013-04-27,5.0,4.0,1,1.830130836035682,0.18233716339417674
u10,2013-04-28,,1.0,0,2.211572376428585,0.1011786852515688
u10,2013-04-29,,2.6666666666666665,0,2.065356135408894,0.0556465820547966
u10,2013-04-30,,4.0,1,2.0722963851798766,0.06344613804068631
u10,2013-05-02,,1.0,0,2.062355771049492,0.19244007714604403
u10,2013-05-03,6.0,1.0,0,1.8411864625397838,0.0533448687379824
u10,2013-05-07,,1.0,0,2.1192929466025983,0.05213961114002015
u10,2013-05-08,,1.0,0,2.079540418128315,0.08245502476382421
u10,2013-05-09,7.0,1.0,0,2.055330870817216,0.11497427391113635
u10,2013-05-14,,1.0,0,2.1162736494493224,0.14292922022826204
u10,2013-05-15,8.0,4.0,1,2.2277538374550447,0.10101256125138901
u10,2013-05-17,8.0,1.0,0,2.173625737854436,0.12602705104705939
u10,2013-05-18,,2.0,0,2.368308155012075,0.3585567811070894
u10,2013-05-23,,4.0,1,2.115906598674217,0.0743429003979131
u12,2013-03-27,,4.0,1,2.2448204034876276,0.22835092311293587
u12,2013-03-28,,3.5,0,2.3375489865514303,0.28742511780205304
u12,2013-03-29,,1.0,0,2.4754899805220876,0.4452384607644347
u12,2013-03-30,,3.0,0,2.4130199192526036,0.44796211517253254
u12,2013-03-31,,4.0,1,2.1675655288773927,0.2228544329858916
u12,2013-04-02,,4.0,1,2.2196780926100623,0.1364021636672429
u12,2013-04-03,,1.0,0,2.362122126778886,0.20100845300049766
u12,2013-04-04,,3.0,0,2.4765273974559423,0.23716726098945334
u12,2013-04-05,,4.0,1,2.663229936014161,0.3169462984474576
u12,2013-04-06,,3.0,0,2.5132532758109845,0.4230847320208584
u12,2013-04-09,,1.0,0,2.4236944899128616,0.38209508241571566
u12,2013-04-10,,2.5,0,2.5448026729897872,0.5349461879078036
u12,2013-04-11,,1.0,0,2.3384075627686007,0.6241630465352418
u12,2013-04-13,,3.0,0,2.348344171598839,0.1557341424227503
u12,2013-04-15,,1.0,0,2.2437148164233913,0.11731889300961394
u12,2013-04-16,,1.0,0,2.4149188897152154,0.062471232258077464
u12,2013-04-19,,5.0,1,2.3828874151271937,0.11874921058315782
u12,2013-04-25,,1.0,0,2.202733775030401,0.17304245698665224
u12,2013-04-29,,3.0,0,2.208372078969719,0.09932040964597609
u12,2013-04-30,,3.0,0,2.2259852142615726,0.13771590691062946
u12,2013-05-07,,1.0,0,2.290565009197959,0.5061178219529683
u12,2013-05-08,,1.0,0,2.239912068356869,0.20905446519399792
u12,2013-05-23,,2.0,0,2.3431505581802314,0.4858958518693678
u14,2013-03-27,,4.0,1,2.299438742864459,0.21574681608545673
u14,2013-03-28,,4.0,1,2.246088211941005,0.20847030458275026
u14,2013-03-29,,1.0,0,2.3732924645250915,0.2272868213721142
u14,2013-03-30,,1.0,0,2.603649671740355,0.15695255639120145
u14,2013-04-01,,2.0,0,2.180893647311145,0.24534933175484538
u14,2013-04-02,,2.0,0,2.3690069148874544,0.16488667760665035
u14,2013-04-03,,2.0,0,2.64876002657423,0.20611566507684523
u14,2013-04-04,,2.0,0,2.4137557134964833,0.6679808695551688
u14,2013-04-06,,2.0,0,2.39409410679014,0.1354298460395931
u14,2013-04-07,,2.0,0,2.4718861665975385,0.21632072831301172
u14,2013-04-09,,2.0,0,2.3738689702121003,0.040891008836879864
u14,2013-04-10,,2.0,0,2.5863873748813084,0.08578486407567516
u14,2013-04-11,,2.0,0,2.1703747540606626,0.1959534635210655
u14,2013-04-12,,2.0,0,2.031964721976435,0.06385596436125864
u14,2013-04-13,,2.0,0,2.3760585224568347,0.11050449869234052
u14,2013-04-14,,2.0,0,2.1713081350995735,0.12529584718222797
u14,2013-04-15,,2.0,0,2.2460571134855787,0.04490973736990903
u14,2013-04-16,,2.0,0,2.235455284130032,0.07647644382772804
u14,2013-04-17,,2.0,0,2.1466365720548097,0.133388353945813
u14,2013-04-18,,2.0,0,2.2026037964377565,0.08414858147882699
u14,2013-04-20,,2.0,0,2.4094497178196037,0.2380617250265065
u14,2013-04-26,,2.0,0,2.4438683499265776,0.20100416067550195
u14,2013-04-28,,2.0,0,2.6910473470743326,0.3833123463565307
u14,2013-04-29,,2.6666666666666665,0,2.2694823230885515,0.12402281076782436
u14,2013-04-30,,2.0,0,2.1812587665163456,0.11050138267655318
u14,2013-05-08,,3.0,0,2.017271802238191,0.06752158286160649
u14,2013-05-09,,3.0,0,2.0153579696865274,0.17279481853591366
u14,2013-05-20,,3.0,0,2.101343090160699,0.051477988992604876
u15,2013-03-29,,1.0,0,2.193267888067127,0.13634854046637568
u15,2013-03-30,,2.5,0,2.7869869917731482,0.5570392242224285
u15,2013-03-31,,1.0,0,2.6763403785805653,0.5892522955653171
u15,2013-04-03,,3.0,0,2.2939012396683247,0.0999964178842018
u15,2013-04-05,,1.0,0,2.380544421453194,0.39881220266399503
u15,2013-04-09,,1.0,0,2.120759269243514,0.04709123305866923
u15,2013-04-16,,1.0,0,1.8618282037736964,0.05570623462985613
u15,2013-04-17,,1.0,0,2.18621995875456,0.06548679476274973
u16,2013-03-27,,1.0,0,2.1459563508140818,0.07076278352508521
u16,2013-03-28,,1.0,0,2.509462440786562,0.4629570940367037
u16,2013-03-29,,1.0,0,2.2989141619055973,0.31553226376863797
u16,2013-03-30,,1.0,0,2.1706720481626065,0.26073478479599826
u16,2013-03-31,,4.0,1,2.1414035141826013,0.09214119915128954
u16,2013-04-02,,1.5,0,2.0457980755239524,0.08374694753557368
u16,2013-04-03,,2.0,0,2.2969407516318423,0.16936863360257765
u16,2013-04-04,,2.5,0,2.1132286240874656,0.08810644906787198
u16,2013-04-05,,2.5,0,2.0867928070302377,0.3473412336667566
u16,2013-04-07,,1.6666666666666667,0,2.1658188826448166,0.1866730589791026
u16,2013-04-08,,2.5,0,2.2912162990791534,0.13862491488726436
u16,2013-04-09,,1.0,0,2.2592071519471015,0.2245487370707767
u16,2013-04-10,,2.75,0,2.2142771180749197,0.10816298643885895
u16,2013-04-11,,1.0,0,2.164324888162682,0.0875668673765428
u16,2013-04-12,,2.5,0,2.26469992722958,0.510049859683474
u16,2013-04-13,,2.0,0,2.0604228106513793,0.12839127707941517
u16,2013-04-14,,1.5,0,2.3289220477132986,0.14712696074304352
u16,2013-04-15,,2.0,0,2.034190541541454,0.068724902333672
u16,2013-04-16,,1.0,0,2.1179964496479227,0.13757974133376444
u16,2013-04-17,,1.0,0,2.21437445450843,0.13321198632664227
u16,2013-04-18,,1.6666666666666667,0,2.1992787999448056,0.04911883607239482
u16,2013-04-19,,2.333333333333333,0,1.9433678555460605,0.19233437093827488
u16,2013-04-20,,2.0,0,2.2602305223863013,0.08651332587648712
u16,2013-04-21,,3.0,0,2.1344349921952834,0.13491162937692455
u16,2013-04-23,,1.0,0,2.324138361905039,0.36693401485160865
u16,2013-04-26,5.0,3.0,0,1.5602197302663785,0.02081008234664501
u16,2013-04-28,,3.0,0,2.2530966098031633,0.04917820664030826
u16,2013-04-29,,3.0,0,2.17329836914783,0.09660082554979883
u16,2013-04-30,5.0,3.5,0,2.0185638635517007,0.06783220558280102
u16,2013-05-01,6.0,1.0,0,1.890667424400704,0.35162536460681126
u16,2013-05-02,6.0,1.0,0,2.0163123827903826,0.03977542220454616
u16,2013-05-03,6.0,3.0,0,2.1072780876426616,0.0681347023194456
u16,2013-05-04,6.0,1.5,0,2.274701556108265,0.6009314580085091
u16,2013-05-05,6.0,2.0,0,2.26312806289359,0.024782039172364757
u16,2013-05-06,6.0,3.0,0,1.9293592434797713,0.03838301956257057
u16,2013-05-07,6.0,2.333333333333333,0,2.0550634601545936,0.046704620781968534
u16,2013-05-08,7.0,1.6666666666666667,0,1.9727715227507,0.043645787917019015
u16,2013-05-09,7.0,2.0,0,2.0816626727705767,0.22135710075030798
u16,2013-05-10,7.0,3.0,0,2.3900915264878693,0.2014590320532987
u16,2013-05-11,7.0,2.0,0,2.1831425084962377,0.6823359501247634
u16,2013-05-12,7.0,1.0,0,2.3100919358091576,0.08634741238191958
u16,2013-05-13,7.0,2.0,0,1.9326081362399907,0.25410054064028714
u16,2013-05-14,7.0,2.0,0,2.2072157351731936,0.04864391269012009
u16,2013-05-15,8.0,3.0,0,2.1968542106360966,0.1484219278048341
u16,2013-05-17,,2.5,0,1.9306610114911014,0.07007218971488681
u16,2013-05-18,8.0,1.0,0,2.422439717754564,0.0636585473963739
u16,2013-05-19,,3.0,0,2.095620275680139,0.31891740610445174
u16,2013-05-20,8.0,1.3333333333333333,0,2.1546046231930687,0.14363511508527466
u16,2013-05-21,8.0,3.0,0,2.412197671125982,0.3695539150690183
u16,2013-05-22,9.0,1.0,0,2.3939862484822423,0.15304875661791575
u16,2013-05-23,9.0,2.5,0,2.4169758155314653,0.0769851875967001
u16,2013-05-24,9.0,1.5,0,2.1577207808688823,0.27082667758064294
u16,2013-05-28,9.0,3.0,0,2.250173418009276,0.11919839944126775
u17,2013-03-28,,1.0,0,2.1878582919251417,0.09374131391559945
u17,2013-03-30,,2.0,0,2.2480529808730862,0.07425927111946225
u17,2013-04-11,,3.0,0,2.1509356722469732,0.07188144650160645
u17,2013-04-14,,3.0,0,2.2053056424143698,0.12447296857973143
u17,2013-04-15,,3.0,0,2.295574713779897,0.06570408082111122
u17,2013-04-16,,3.0,0,2.0331153092217673,0.09319507295541121
u17,2013-04-17,,2.0,0,2.2296070760667286,0.03103629087773111
u17,2013-04-18,,3.0,0,2.2492215896883163,0.08570677528606768
u17,2013-04-20,,2.0,0,2.2293980045023374,0.033550623802376264
u17,2013-04-21,,3.0,0,2.2226065822971885,0.03471488133476694
u17,2013-04-23,,3.0,0,1.8991972074447476,0.042347868237245165
u17,2013-04-26,5.0,3.0,0,2.2204980294961896,0.07873924588398407
u17,2013-04-29,5.0,3.0,0,2.0943573999834104,0.07730499540297926
u17,2013-04-30,5.0,3.0,0,1.6821814138155053,0.14617190327785679
u17,2013-05-01,,3.0,0,2.141001660185593,0.08546096020452754
u17,2013-05-02,,3.0,0,2.153976702461335,0.18086213959428407
u17,2013-05-04,,3.0,0,2.192105657620701,0.09119893484501684
u17,2013-05-07,6.0,3.0,0,2.143703502150007,0.03922336795758761
u17,2013-05-08,,3.0,0,2.369253423729503,0.10622491225490609
u17,2013-05-09,,3.0,0,2.256414345348257,0.2165340201597358
u17,2013-05-11,,3.0,0,2.473806214726265,0.17190730626209455
u17,2013-05-14,,3.0,0,2.325170661345923,0.07636334396176254
u17,2013-05-17,8.0,3.0,0,2.1740700969107176,0.1193491662997616
u17,2013-05-19,,3.0,0,2.3553888235903817,0.15379969361157697
u17,2013-05-20,8.0,3.0,0,2.5878825234055767,0.05077989267640547
u17,2013-05-21,,3.0,0,2.0108860519099028,0.10463217269123594
u17,2013-05-22,9.0,3.0,0,2.549034260982949,0.28183594861206496
u17,2013-05-24,9.0,3.0,0,2.6238717951537023,0.3167029940836269
u17,2013-05-25,9.0,3.0,0,2.5448847572453275,0.06740117678699171
u17,2013-05-28,9.0,3.0,0,2.4324326880359184,0.060229902280454294
u17,2013-05-31,10.0,3.0,0,3.306839208720003,0.4720908274437408
u17,2013-06-01,10.0,3.0,0,2.5758979539227838,0.6582204454833176
u18,2013-03-27,,4.0,1,2.2392006017931463,0.1130932843697381
u18,2013-03-29,,1.0,0,2.2745850129348835,0.2554346326895429
u18,2013-03-30,,4.0,1,2.433085239522896,0.29059739389286465
u18,2013-04-03,,1.0,0,2.4377103292980538,0.10672452971729292
u18,2013-04-05,,1.0,0,2.2729640175466743,0.10762466959148878
u18,2013-04-08,,1.0,0,2.39276815365515,0.33253325406542167
u18,2013-04-09,,1.0,0,2.2036824122637446,0.17751541588821373
u18,2013-04-15,,3.0,0,2.006240436431254,0.11277980259970376
u18,2013-04-18,,1.0,0,2.1893290396028404,0.19777666505433056
u18,2013-04-20,,1.0,0,2.3512976275744784,0.12504716694997087
u18,2013-04-21,,1.0,0,2.341137492834837,0.09077651507817734
u18,2013-04-26,5.0,3.0,0,2.262676108677991,0.02983070690177682
u18,2013-04-29,5.0,3.0,0,1.797270202172789,0.04353411584629445
u18,2013-04-30,,3.0,0,2.3414031937434143,0.09678397183744819
u19,2013-03-27,,2.0,0,2.1612679137483495,0.06253653114506579
u19,2013-03-28,,1.0,0,2.2990582556395767,0.14526077735727821
u19,2013-03-29,,1.0,0,2.1450885016851386,0.1289176628059825
u19,2013-03-30,,1.5,0,2.6072665337875436,0.073254900339738
u19,2013-04-01,,1.0,0,2.1422141089985183,0.05732539026410567
u19,2013-04-02,,1.0,0,2.1573263151051254,0.06019304817461953
u19,2013-04-03,,1.5,0,2.2116488549850915,0.48510205681215113
u19,2013-04-04,,1.3333333333333333,0,2.337203118629578,0.2938319802665482
u19,2013-04-05,,2.0,0,2.26510610910378,0.24172848959290097
u19,2013-04-06,,2.0,0,2.337847193914998,0.06595315892423063
u19,2013-04-07,,3.0,0,2.1970885505476643,0.13039586461277672
u19,2013-04-08,,1.6666666666666667,0,2.160757953291849,0.07662166698951134
u19,2013-04-09,,1.3333333333333333,0,2.119081327478873,0.16243868285078666
u19,2013-04-10,,2.0,0,2.2414698361200336,0.17872706170091474
u19,2013-04-11,,2.0,0,2.0102492619493497,0.31031714890048834
u19,2013-04-12,,1.0,0,2.308208021567499,0.18712429370226621
u19,2013-04-13,,2.0,0,2.4037865337829647,0.19892810806086608
u19,2013-04-14,,1.5,0,2.4421354913662587,0.12385572379173808
u19,2013-04-15,,1.5,0,2.189699772630123,0.05210444769138252
u19,2013-04-16,,2.0,0,2.09221410608213,0.06000638882251911
u19,2013-04-17,,2.0,0,2.417576829501237,0.33849694138931347
u19,2013-04-18,,2.0,0,2.1612777496471263,0.03552488414428611
u19,2013-04-19,,1.0,0,2.0339653863090397,0.1539237285764979
u19,2013-04-21,,2.0,0,2.251327278592147,0.1324206134486338
u19,2013-04-23,,1.0,0,2.118054213432041,0.20093188366864376
u19,2013-04-25,5.0,2.0,0,1.7782120527588972,0.2563356504513982
u19,2013-04-26,5.0,1.0,0,1.8701194369850733,0.2910168814203642
u19,2013-04-28,5.0,2.0,0,2.077190276807615,0.13951259147411482
u19,2013-04-29,,3.0,0,2.0679832438393357,0.056571334761454074
u19,2013-05-01,6.0,2.0,0,2.111341957728115,0.0581461513149483
u19,2013-05-02,6.0,2.0,0,1.8108825595990088,0.24079496240664855
u19,2013-05-03,6.0,1.0,0,1.9096469749610896,0.10090456800206107
u19,2013-05-05,6.0,1.0,0,2.3216318130430458,0.034956081077672625
u19,2013-05-06,6.0,1.0,0,1.7282166126044793,0.029717951863955837
u19,2013-05-07,6.0,3.0,0,1.869094898251725,0.059050838911430294
u19,2013-05-08,,2.0,0,1.930598311250059,0.32184609268119
u19,2013-05-09,7.0,2.0,0,2.128584920302096,0.48530732031619356
u19,2013-05-12,7.0,4.0,1,1.9209593204395743,0.04998084284700446
u19,2013-05-13,7.0,2.0,0,1.8852428761572577,0.041884808673293875
u19,2013-05-14,,1.0,0,1.7954864290119608,0.030719044216877794
u19,2013-05-15,8.0,2.5,0,2.2840570825826667,0.17718284810852938
u19,2013-05-16,8.0,3.0,0,2.1812022532215996,0.056009628832778456
u19,2013-05-17,8.0,3.0,0,2.3291145303534098,0.09715768138016198
u19,2013-05-19,8.0,4.0,1,2.256273547464858,0.5497912516129251
u19,2013-05-20,8.0,2.5,0,2.007982221477993,0.12090304288949426
u19,2013-05-21,8.0,1.0,0,2.130682364041744,0.08770262577702724
u19,2013-05-22,9.0,3.0,0,2.172004972726765,0.38696503677804917
u19,2013-05-23,9.0,2.5,0,2.4084659866771947,0.21587077498648363
u19,2013-05-24,9.0,2.5,0,2.3981532215769548,0.184813636465604
u19,2013-05-25,9.0,2.0,0,2.3367755268748267,0.039991657604155725
u19,2013-05-26,9.0,2.0,0,2.4299247927597163,0.33814965056026713
u19,2013-05-29,10.0,4.0,1,2.7387999578143574,0.06955455602064974
u19,2013-05-31,10.0,5.0,1,2.3490425242249118,0.8086613520555286
u19,2013-06-01,10.0,4.0,1,2.8269150769121874,0.17125003775579403
u20,2013-03-27,,4.0,1,2.2433792743199974,0.17733011927455267
u20,2013-03-29,,1.0,0,1.9570867642562744,0.2293251431949384
u20,2013-04-03,,1.0,0,2.1286542992450244,0.2878655866704975
u20,2013-04-04,,1.0,0,2.1823699589908654,0.05027319863612227
u20,2013-04-06,,1.0,0,2.345118434971217,0.21454494291337553
u20,2013-04-07,,1.0,0,2.263031357788965,0.08244383459648327
u20,2013-04-11,,2.0,0,2.231780385329604,0.05071795457327283
u22,2013-03-27,,2.0,0,2.4263535928471986,0.19836731654131753
u22,2013-03-28,,3.6666666666666665,0,2.1622429104573926,0.16128578999896612
u22,2013-03-29,,2.333333333333333,0,2.204879267594219,0.16457068687691379
u22,2013-03-30,,2.333333333333333,0,2.281189863701234,0.17409816367253392
u22,2013-03-31,,2.0,0,2.2913096869191945,0.1723320271106591
u22,2013-04-01,,1.0,0,2.1675400728655183,0.09566852876742601
u22,2013-04-02,,2.5,0,2.107478255108746,0.20150941573483064
u22,2013-04-03,,4.0,1,2.254358739605641,0.17393251956545752
u22,2013-04-04,,1.75,0,2.173336940457082,0.1384702514967203
u22,2013-04-05,,1.0,0,2.4221292713214693,0.2359813848725347
u22,2013-04-07,,4.5,1,2.255879782429138,0.5183860193778458
u22,2013-04-08,,5.0,1,2.1673430536112046,0.20717667831147507
u22,2013-04-09,,4.0,1,2.193626145581158,0.11623740704464619
u22,2013-04-10,,2.5,0,2.180173306659189,0.25205777127712986
u22,2013-04-11,,4.0,1,2.207841416795898,0.16237927498645385
u22,2013-04-12,,2.0,0,2.2618737491789296,0.1959653315659066
u22,2013-04-13,,2.0,0,2.3569647517439805,0.22134001374455212
u22,2013-04-14,,1.0,0,2.4548036384635994,0.1582931988336965
u22,2013-04-15,,1.0,0,2.203720588181278,0.16713758792028394
u22,2013-04-16,,1.0,0,2.2118261026211887,0.569828144886962
u22,2013-04-17,,1.0,0,2.3300160740479727,0.2894551237571256
u22,2013-04-18,,2.0,0,2.2853414082380064,0.12624344099834447
u22,2013-04-20,,1.0,0,2.4906464011498572,0.08254551822969342
u22,2013-04-23,,4.0,1,2.1703461938996758,0.10520721119565113
u22,2013-05-06,,4.0,1,2.1990977519015704,0.13827912191500807
u22,2013-05-07,6.0,4.0,1,2.0824118059389356,0.09473516936646577
u22,2013-05-12,,4.0,1,2.2710653311842894,0.24119655795299433
u22,2013-05-15,,1.0,0,2.0767836962343083,0.24124325629222976
u22,2013-05-23,,4.0,1,2.1710172108002865,0.14557778258289136
u23,2013-03-27,,1.0,0,2.2967870602979383,0.38392339095052147
u23,2013-03-28,,1.25,0,2.2144350595031046,0.1119795888275368
u23,2013-03-29,,1.3333333333333333,0,2.106508539995456,0.09571431329021436
u23,2013-03-30,,3.0,0,2.1565906412213125,0.14031998523616224
u23,2013-03-31,,3.0,0,2.1440734663196284,0.08561276605055647
u23,2013-04-01,,1.0,0,2.0794261284136972,0.03883643044816209
u23,2013-04-02,,1.0,0,2.1868722023768483,0.14278580450902154
u23,2013-04-03,,1.0,0,2.190195750777981,0.06697130643416109
u23,2013-04-04,,1.0,0,2.1278755196055865,0.1657764947748584
u23,2013-04-05,,1.0,0,2.268689242268663,0.08735994426831174
u23,2013-04-06,,2.5,0,2.2532392894041138,0.5420668363984483
u23,2013-04-07,,2.5,0,2.353534645629747,0.0645749385566252
u23,2013-04-08,,1.0,0,2.0939627008850823,0.02901621216170331
u23,2013-04-09,,1.0,0,2.231992862181683,0.0668632168840684
u23,2013-04-10,,1.0,0,2.153432695663436,0.09709867566532121
u23,2013-04-12,,1.0,0,2.1546784080554002,0.08763440354160426
u23,2013-04-13,,1.0,0,2.3005629844642987,0.09187511486838791
u23,2013-04-14,,1.0,0,2.337273832845187,0.07622076125564187
u23,2013-04-17,,1.0,0,2.1878266012557397,0.10009738527593981
u23,2013-04-18,,1.0,0,2.087389593476527,0.07757978756343628
u23,2013-04-20,,1.0,0,2.2345491766950274,0.10137051671376256
u23,2013-04-26,,1.0,0,2.22082594436518,0.13875920778176132
u23,2013-04-30,,1.0,0,2.192762696086613,0.0585371227150514
u23,2013-05-01,,1.0,0,2.1887390917301057,0.13019477199230112
u24,2013-03-27,,1.0,0,2.4738734391591937,0.12403816812547662
u24,2013-03-28,,2.0,0,2.2838966680481443,0.0639469194126443
u24,2013-03-29,,2.6666666666666665,0,2.5651013124460036,0.14274742397826085
u24,2013-03-30,,1.5,0,2.274881540790958,0.10899664938890023
u24,2013-03-31,,3.0,0,2.196038886124254,0.11408978631045837
u24,2013-04-01,,3.0,0,2.309881318887117,0.12828500914853933
u24,2013-04-05,,2.5,0,2.391682360381939,0.4678760477664571
u24,2013-04-06,,1.0,0,2.4203907741730135,0.3129578169806927
u24,2013-04-07,,2.0,0,1.9790046921545572,0.07900508473726281
u24,2013-04-08,,1.0,0,2.360758122460449,0.14624446671771577
u24,2013-04-09,,2.0,0,2.1975862420516163,0.10268217754974343
u24,2013-04-12,,1.3333333333333333,0,2.533437597917467,0.1073504197858012
u24,2013-04-13,,1.5,0,2.5664534424003684,0.4036640864236753
u24,2013-04-14,,2.0,0,2.250404593797548,0.10059296556443346
u24,2013-04-15,,1.0,0,2.3772166532839507,0.17078937063137437
u24,2013-04-17,,2.0,0,2.318030712643693,0.17655303467861264
u24,2013-04-29,,2.0,0,2.219282781132433,0.1212631927501583
u24,2013-05-13,7.0,1.0,0,2.1533920246582214,0.1295504114062262
u24,2013-05-15,8.0,2.0,0,2.326102668477356,0.20747461108810955
u24,2013-05-17,8.0,3.0,0,2.268248315625737,0.1649133999241965
u24,2013-05-18,8.0,1.0,0,2.4590006215275055,0.20747461108810955
u24,2013-05-20,,2.0,0,2.181413338797856,0.14631794290931224
u24,2013-05-22,,2.0,0,2.18286747236417,0.2056695834838729
u25,2013-03-27,,4.0,1,2.3464408506175927,0.2502704529255135
u25,2013-03-28,,1.0,0,2.4782069622296805,0.1406800924651471
u25,2013-03-29,,2.5,0,2.423128384475242,0.29372707194152964
u25,2013-03-30,,4.0,1,2.3605682525428824,0.19333234334294525
u25,2013-04-01,,1.3333333333333333,0,2.218133213363873,0.039619902633802856
u25,2013-04-02,,1.0,0,2.1498288998179937,0.07878392706948972
u25,2013-04-03,,4.0,1,2.5055862287609294,0.1663428228419775
u25,2013-04-04,,4.0,1,2.31632953891059,0.10105572069801273
u25,2013-04-05,,2.5,0,2.5288388468556247,0.09482323676000173
u25,2013-04-06,,4.0,1,2.291243968298993,0.113198789262268
u25,2013-04-08,,2.0,0,2.3540170647316456,0.30252919496264685
u25,2013-04-09,,4.0,1,2.0200302649868456,0.09906008229356998
u25,2013-04-12,,3.0,0,2.340979021697383,0.1500279800100303
u25,2013-04-15,,3.0,0,2.3858860444501966,0.16748153404676594
u25,2013-04-16,,4.0,1,2.1480180449719923,0.5730877499676545
u25,2013-04-18,,1.0,0,2.2732610083355147,0.16792384716785982
u27,2013-03-28,,1.5,0,2.290670011112033,0.1510287348031724
u27,2013-03-29,,2.0,0,2.3008863052782833,0.11864983028543004
u27,2013-03-30,,1.0,0,2.2039106501177517,0.07687484650105172
u27,2013-04-02,,1.0,0,2.0973659882115827,0.2124849064905675
u27,2013-04-03,,1.0,0,2.27757609842142,0.23704770163232697
u27,2013-04-04,,1.0,0,2.2063626622179027,0.3385394449379474
u27,2013-04-05,,1.0,0,2.391240437734169,0.2473890571765159
u27,2013-04-08,,3.0,0,2.3268435140860793,0.023783484052680774
u27,2013-04-10,,3.0,0,2.370649245178275,0.06918471634480476
u27,2013-04-14,,2.0,0,2.352541385827854,0.18426401753598984
u27,2013-04-15,,1.0,0,2.1628800705109854,0.10716935077379836
u27,2013-04-16,,1.0,0,2.209880411586956,0.19363907682788115
u27,2013-04-17,,2.0,0,2.2844798467582006,0.06562400505921612
u27,2013-04-18,,2.6666666666666665,0,2.361674767320534,0.21612153836304318
u27,2013-04-25,5.0,4.0,1,1.7575359590718236,0.06445965471991331
u27,2013-04-26,,1.0,0,2.1327887811403894,0.299924701878981
u27,2013-04-28,5.0,2.0,0,1.8221175995571373,0.09296371188241645
u27,2013-05-07,6.0,1.0,0,1.9008528134902405,0.06376937265996045
u27,2013-05-08,,4.0,1,2.130394705292552,0.06939132449086481
u30,2013-03-28,,2.5,0,2.345799057716196,0.3774742932930152
u30,2013-03-29,,2.0,0,2.3432991853667193,0.11899848533801555
u30,2013-03-31,,2.5,0,2.8501535444755977,0.32420870400100366
u30,2013-04-03,,4.0,1,2.234982429666873,0.27950242950435933
u30,2013-04-06,,3.8,0,3.093762323217203,0.12790715169890893
u30,2013-04-07,,2.0,0,2.908168004133447,0.3154994802883365
u30,2013-04-10,,4.5,1,2.1393296130470683,0.306807953964443
u30,2013-04-11,,4.0,1,2.6383371816557517,0.17668666467737368
u30,2013-04-13,,4.0,1,3.308946709522779,0.3942450241019904
u30,2013-04-14,,4.0,1,3.0172851780308347,0.8689986400820031
u30,2013-04-16,,4.0,1,2.2144778637864464,0.06804337673804896
u30,2013-04-17,,1.0,0,2.137679962821084,0.1968546186633456
u30,2013-04-18,,2.5,0,2.272433469317011,0.05828336575777652
u30,2013-04-20,,1.0,0,3.1354526993075016,0.750781900564062
u30,2013-04-22,,4.0,1,2.0873871142570275,0.09789704965278455
u30,2013-04-25,5.0,4.0,1,1.889643772854582,0.04736929480128539
u30,2013-04-26,,1.0,0,2.3786589280310935,0.13499070699188015
u30,2013-04-29,,1.0,0,2.0519856581792566,0.13192341181172793
u30,2013-05-03,,4.0,1,2.5943282263460583,0.06331744675919737
u31,2013-03-28,,4.0,1,2.232686734494047,0.34778891212316027
u31,2013-03-29,,5.0,1,1.9369590725693486,0.13583912788836425
u31,2013-03-30,,3.0,0,1.7926589629022098,0.03431011972059234
u31,2013-04-02,,4.0,1,2.2553305823447536,0.21507544869763143
u31,2013-04-04,,2.5,0,2.1837149045883675,0.4748185644904149
u31,2013-04-05,,1.0,0,2.131741394189409,0.06340740635929841
u31,2013-04-12,,4.0,1,2.0141287605647995,0.19778368268720584
u31,2013-04-14,,1.0,0,1.8528478319232096,0.0873080799928198
u31,2013-04-15,,1.0,0,2.1025588815033576,0.0677754611297763
u31,2013-04-16,,1.0,0,2.2880191334726834,0.05671350271662789
u31,2013-04-17,,1.0,0,2.1023272599594147,0.12145416582447315
u32,2013-03-30,,4.0,1,2.7198159570648386,0.5080733024978881
u32,2013-03-31,,4.0,1,2.9501269566751063,0.5593140089641541
u32,2013-04-01,,1.0,0,2.1460438207999384,0.0690659504956496
u32,2013-04-02,,1.0,0,2.097269912143813,0.14464369819979142
u32,2013-04-03,,1.0,0,2.4680027735420653,0.23990609594117404
u32,2013-04-04,,2.5,0,2.4029275586603327,0.3239692840228143
u32,2013-04-05,,1.0,0,2.2210036947654634,0.09405030584510066
u32,2013-04-06,,4.0,1,2.7791942218328463,0.5678870259978608
u32,2013-04-07,,4.0,1,2.4233949166616826,0.03795385012729834
u32,2013-04-08,,3.0,0,2.2618975716356835,0.07550789926394509
u32,2013-04-09,,4.0,1,2.1346235815211805,0.01231480958187292
u32,2013-04-10,,4.0,1,2.341917860396038,0.33598446694871686
u32,2013-04-11,,1.0,0,2.5178266028503224,0.2937427771023926
u32,2013-04-12,,4.0,1,2.4618830815755124,0.30965484665235726
u32,2013-04-13,,4.0,1,2.3708018786080864,0.19721013881192975
u32,2013-04-14,,1.0,0,2.237001562759053,0.2926267568070039
u32,2013-04-15,,1.0,0,1.9313377998705896,0.04519078631894573
u32,2013-04-16,,1.0,0,1.86442669514449,0.17250860078053942
u32,2013-04-17,,2.5,0,2.2288948289097874,0.09133931370824566
u32,2013-04-18,,4.0,1,2.1335935011236926,0.13666048240568035
u32,2013-04-20,,4.0,1,2.4897210738520696,0.7458858319145251
u32,2013-04-21,,1.0,0,2.2343414907148964,0.09140428960917912
u32,2013-04-22,,3.0,0,2.5285132939575923,0.2872990427479234
u32,2013-04-23,,4.0,1,2.061837161216637,0.05182280525717042
u32,2013-04-24,,4.0,1,2.1908291431142897,0.058943278688029975
u32,2013-04-26,5.0,1.0,0,2.1732598480563383,0.3612510368924734
u32,2013-04-28,,1.0,0,2.2117498103055753,0.1262234298603872
u32,2013-04-29,,1.0,0,2.2958368994305505,0.14007634543625228
u32,2013-04-30,5.0,4.0,1,1.8596342041516174,0.12484799684227693
u32,2013-05-05,6.0,1.0,0,2.211359161618812,0.020920293660736836
u32,2013-05-06,6.0,1.0,0,1.950520734982906,0.03691539040488291
u32,2013-05-07,,1.0,0,2.2085535504413576,0.28197065310638936
u32,2013-05-08,,1.0,0,2.1812462889562494,0.06978508367803063
u32,2013-05-10,,1.0,0,2.1755778367369927,0.11409263041029122
u32,2013-05-14,,1.0,0,1.847926364554364,0.18383149468289303
u32,2013-05-18,,5.0,1,2.4535878280184114,0.7085992481944722
u32,2013-05-22,,1.0,0,2.1980541629463306,0.0230609554495998
u32,2013-05-24,,1.0,0,2.369156237595126,0.02412866886394398
u32,2013-05-27,9.0,4.0,1,2.3729648286177083,0.14153788992424143
u33,2013-03-28,,4.0,1,2.152471705972023,0.24919834862617107
u33,2013-03-29,,1.0,0,2.2673613842022626,0.28079488549925996
u33,2013-03-30,,1.0,0,2.426983190578249,0.3491231998241499
u33,2013-03-31,,4.0,1,2.5853932943996365,0.30565770107146745
u33,2013-04-01,,2.0,0,2.4026706376501306,0.07866184157001159
u33,2013-04-02,,2.0,0,2.4545330850859126,0.08154272655639674
u33,2013-04-03,,2.0,0,2.4281993259711165,0.07393787978562745
u33,2013-04-04,,2.0,0,2.0868031223607217,0.29110459096428903
u33,2013-04-05,,2.5,0,2.4817008804338405,0.5835609425426812
u33,2013-04-06,,1.0,0,2.321635640191026,0.2634753854138392
u33,2013-04-07,,4.0,1,2.1869018960859075,0.05152611142195904
u33,2013-04-08,,4.0,1,2.2643300681772986,0.1477056983589898
u33,2013-04-09,,3.4,0,2.2428717882684253,0.10890712240793514
u33,2013-04-10,,2.5,0,2.4045151635841444,0.13874775280348184
u33,2013-04-11,,4.0,1,2.5086843409855817,0.49665512408539864
u33,2013-04-12,,2.5,0,2.156868741294215,0.06663751217969235
u33,2013-04-13,,4.0,1,2.151659373767828,0.09287843658435464
u33,2013-04-14,,1.0,0,2.2665129142680653,0.09146122965134912
u33,2013-04-15,,4.0,1,2.399834804560233,0.18519747246205007
u33,2013-04-16,,4.0,1,2.1774414256919816,0.17193631576887083
u33,2013-04-17,,2.5,0,2.621983058493579,0.20996705293516715
u33,2013-04-18,,4.0,1,2.3175903963173132,0.13857537009087526
u33,2013-04-20,,5.0,1,2.1310685885036333,0.0927923282781868
u33,2013-04-28,,2.0,0,2.5559706025143747,0.16833058330736414
u33,2013-04-29,,2.333333333333333,0,2.288798806997556,0.07501610082712129
u33,2013-04-30,5.0,3.0,0,2.1421121602037405,0.3032013045423182
u33,2013-05-01,,3.0,0,2.295489925894685,0.23252086483748335
u33,2013-05-02,,2.0,0,2.3095932970604522,0.16973286459979103
u33,2013-05-06,,3.0,0,2.2754754974515303,0.09224093331929871
u33,2013-05-07,6.0,3.0,0,2.2968202805348152,0.07583293560540175
u33,2013-05-08,7.0,3.0,0,2.309345541818567,0.25886636588909034
u33,2013-05-14,,3.0,0,2.2342792948482812,0.07794949889699329
u33,2013-05-15,,3.0,0,2.185217633197506,0.11812122631278665
u33,2013-05-16,,3.0,0,2.3695151640837566,0.5360108916157613
u33,2013-05-17,,3.0,0,2.1636703317451533,0.12679478245905373
u33,2013-05-18,8.0,3.0,0,2.6047012724757006,0.0626751407368345
u33,2013-05-19,,3.0,0,2.319976149702407,0.20176235287600072
u33,2013-05-22,9.0,3.0,0,2.44422490147653,0.2178133371326887
u33,2013-05-24,,3.5,0,2.424989421399898,0.0771297977539744
u33,2013-05-29,10.0,2.0,0,3.32046578288858,0.16963607144232443
u34,2013-03-31,,4.0,1,2.5152851166837458,0.43644733731685287
u34,2013-04-02,,1.0,0,2.5052979103183652,0.3560673230563291
u34,2013-04-03,,4.0,1,2.3139687099636084,0.3457171159653466
u34,2013-04-04,,1.0,0,3.0417918034170053,0.126222126552337
u34,2013-04-15,,1.0,0,2.314012882999417,0.09008827634638873
u34,2013-04-29,,1.0,0,2.1505687986809434,0.07987657702648068
u35,2013-03-29,,2.5,0,2.2330638122501036,0.45255717639176585
u35,2013-03-30,,5.0,1,2.3825037795836366,0.23431315586783227
u35,2013-03-31,,4.0,1,2.389646793254409,0.17734976996475904
u35,2013-04-02,,1.0,0,2.499179400790967,0.1670155176912313
u35,2013-04-03,,2.0,0,2.1632726477842583,0.04698235663470606
u35,2013-04-04,,4.0,1,2.260682910142191,0.5660118583461454
u35,2013-04-05,,4.5,1,2.334418176555108,0.21952754548641487
u35,2013-04-06,,5.0,1,2.5486294802260656,0.4044104433643847
u35,2013-04-09,,4.0,1,2.2119944797428484,0.17866780469268942
u35,2013-04-10,,1.0,0,2.3301962798761897,0.2374517691838787
u35,2013-04-11,,5.0,1,2.256999828696195,0.11622170917711815
u35,2013-04-12,,1.0,0,2.0734673164853197,0.1636386591790082
u35,2013-04-13,,1.0,0,2.5634305778460504,0.09599313549843454
u35,2013-04-14,,4.0,1,2.3779159619440953,0.12098616074202947
u35,2013-04-15,,1.0,0,2.142458995539498,0.11083039626504212
u35,2013-04-16,,1.0,0,2.2590380756207886,0.1280467997997496
u35,2013-04-18,,1.5,0,2.3091700420869614,0.32874991435362166
u35,2013-04-19,,4.0,1,2.399161540225078,0.2895000234982875
u35,2013-04-21,,1.5,0,2.1181691226103956,0.12335842833113662
u35,2013-04-22,,3.0,0,1.9529424616108304,0.028661370679732796
u35,2013-04-29,,1.6666666666666667,0,2.100083121812567,0.12462160737561692
u35,2013-05-02,,1.0,0,2.1445926232636845,0.06858680004763108
u35,2013-05-07,,5.0,1,2.232677518139617,0.18315717160620845
u35,2013-05-08,7.0,1.0,0,2.2173309638224814,0.09518204220571017
u35,2013-05-12,7.0,3.0,0,2.140006918179559,0.16081336676623353
u35,2013-05-19,8.0,1.0,0,2.331565420120067,0.16568155091373551
u35,2013-05-21,,1.0,0,2.064488339579577,0.09549909609867817
u35,2013-05-22,,1.0,0,2.1501191851719668,0.09913338087827625
u36,2013-03-30,,1.0,0,2.365535086944954,0.12422291044693928
u36,2013-03-31,,1.0,0,2.2396040806773905,0.15277598324716907
u36,2013-04-02,,1.0,0,2.1135902219726153,0.2873996341189077
u36,2013-04-03,,1.0,0,2.141162503282523,0.16133443065905353
u36,2013-04-04,,1.0,0,2.1246803725493866,0.09538116882680155
u36,2013-04-05,,2.0,0,2.0553858672794427,0.16057499218501886
u36,2013-04-06,,2.0,0,2.333302218775265,0.04755071090026976
u36,2013-04-07,,3.0,0,2.3659686322551248,0.18788527607756428
u36,2013-04-09,,1.0,0,2.0430986807489004,0.08036020884797379
u36,2013-04-10,,1.0,0,1.9994643017239992,0.10644569871282926
u36,2013-04-11,,2.0,0,2.2378735088405866,0.238781596446156
u36,2013-04-12,,2.333333333333333,0,2.1459802457188197,0.0722998181365728
u36,2013-04-13,,2.0,0,2.242583125583424,0.23291408517284745
u36,2013-04-14,,1.0,0,2.2212485686149503,0.055663354093717414
u36,2013-04-15,,2.0,0,2.079031494055429,0.196629119193216
u36,2013-04-16,,2.0,0,1.9798536943977094,0.2699663316393349
u36,2013-04-17,,2.0,0,2.2222626708817095,0.22710081958373565
u36,2013-04-18,,1.0,0,2.4437744952336677,0.1950889231098836
u36,2013-04-20,,1.0,0,2.9935796631719738,0.3981362535710194
u36,2013-04-29,,1.0,0,1.973517936978397,0.06614772036740614
u36,2013-04-30,5.0,1.0,0,1.8552205282174892,0.37920930361986754
u36,2013-05-01,,1.0,0,2.3559269666570595,0.10855140911886153
u36,2013-05-03,6.0,1.0,0,2.007363007378021,0.06879639084497807
u36,2013-05-06,6.0,1.0,0,1.9327987357353473,0.04385877534667939
u36,2013-05-07,6.0,1.0,0,2.0619988688354067,0.11239870453252919
u36,2013-05-08,7.0,1.0,0,2.149399888461518,0.21303132164636882
u36,2013-05-09,7.0,1.0,0,2.063707820212218,0.22326801131747756
u36,2013-05-15,8.0,1.0,0,2.213435051242707,0.14004234488057077
u36,2013-05-16,8.0,1.0,0,2.305819558539781,0.14691886403375976
u36,2013-05-17,,1.0,0,2.254829670591247,0.1708835171112094
u36,2013-05-18,8.0,1.0,0,2.262789195325844,0.22671115566980812
u36,2013-05-19,,1.0,0,2.165650045693722,0.0792542126702538
u36,2013-05-20,8.0,1.0,0,2.265174035119612,0.1803581211508918
u36,2013-05-21,,4.0,1,2.0149635830063772,0.05668051468931936
u36,2013-05-22,9.0,4.0,1,2.2695229078969734,0.05551751427016955
u36,2013-05-23,9.0,1.0,0,2.1368753317610687,0.09207850948746502
u36,2013-05-24,9.0,1.0,0,2.492776341696565,0.5615373560691022
u39,2013-04-02,,1.0,0,1.9883086807262291,0.05800211214425078
u39,2013-04-09,,1.0,0,2.170247006603235,0.375337622942813
u39,2013-04-10,,1.0,0,2.099418574091657,0.10347159209622184
u39,2013-04-13,,1.0,0,2.1754883438882455,0.09728594958631787
u39,2013-04-16,,1.0,0,1.90558541607582,0.15640055671216574
u39,2013-04-17,,1.0,0,2.089209861939283,0.12309077539678986
u39,2013-04-25,5.0,1.0,0,1.9294483957523947,0.027868375914522292
u41,2013-03-31,,2.0,0,2.3494599367203524,0.11689108222738717
u41,2013-04-03,,2.0,0,2.2661260049271506,0.20802145970219993
u41,2013-04-04,,2.0,0,2.2123086224002626,0.14908636392380373
u41,2013-04-09,,1.0,0,2.152550215159546,0.2893984096740058
u41,2013-04-13,,2.0,0,2.365966680462938,0.08574936281949769
u41,2013-04-14,,3.0,0,2.261767726480365,0.12323525790982204
u41,2013-04-16,,1.0,0,2.1568687314931005,0.06172142576992123
u41,2013-04-26,,1.0,0,2.145461621589863,0.10213828088574722
u41,2013-04-28,,2.0,0,2.4186821012229682,0.16733427262510792
u41,2013-04-30,,3.0,0,2.1403865446203114,0.13682977825109904
u41,2013-05-08,,3.0,0,2.117096436619037,0.22141648834951205
u42,2013-04-02,,5.0,1,2.4879207461052872,0.6088034120494213
u42,2013-04-03,,4.5,1,2.3210498235281634,0.1082095610758009
u42,2013-04-04,,2.5,0,2.2707459736431352,0.31056625375497177
u42,2013-04-05,,4.0,1,3.006283770992153,0.360647919451321
u42,2013-04-07,,2.0,0,2.3483563511770402,0.23684179619564236
u42,2013-04-09,,4.0,1,2.3752106658406738,0.29271584257881006
u42,2013-04-13,,4.0,1,2.499273502798836,0.110542994261156
u42,2013-04-14,,1.0,0,2.235442117249112,0.11377781862588665
u42,2013-04-23,,1.0,0,2.2595183574180013,0.2433876022396016
u42,2013-04-26,,4.0,1,2.290344465099921,0.143755615124176
u42,2013-04-28,,1.0,0,2.0522397034330004,0.09190552642696534
u42,2013-04-29,,1.0,0,2.28272928226068,0.31075792114077283
u42,2013-05-08,7.0,2.6666666666666665,0,2.159097721115106,0.09369217081413712
u42,2013-05-13,7.0,1.0,0,2.167191588622129,0.19187825518859933
u42,2013-05-14,7.0,4.0,1,2.3498821984986806,0.28103258294046995
u42,2013-05-15,8.0,5.0,1,2.314680165512265,0.24226255665306953
u42,2013-05-19,8.0,4.0,1,2.1714668573441678,0.12094501831274036
u42,2013-05-21,,4.0,1,2.241097639177233,0.2719136135038391
u42,2013-05-22,9.0,4.0,1,2.4347395437112325,0.7894685979767265
u43,2013-04-01,,2.0,0,1.9956771274064549,0.1746721200750111
u43,2013-04-02,,1.6666666666666667,0,2.275658580427659,0.22189783299203103
u43,2013-04-03,,1.8333333333333333,0,2.288639189627661,0.2630713504268429
u43,2013-04-04,,1.25,0,2.2665834578038417,0.0854857899786177
u43,2013-04-05,,1.5,0,2.2235855293238025,0.06842100694880734
u43,2013-04-06,,2.8,0,2.385827458000662,0.20181107542133175
u43,2013-04-07,,2.75,0,2.378204118681881,0.39749190278985097
u43,2013-04-08,,1.0,0,2.1718078823186486,0.1293379556966449
u43,2013-04-09,,1.0,0,2.1875534921315674,0.1890056786506758
u43,2013-04-10,,1.0,0,2.2946153283617643,0.07890020520032404
u43,2013-04-11,,1.0,0,1.9873182400093696,0.128748209486555
u43,2013-04-12,,2.5,0,1.9930196156597846,0.10584852742121457
u43,2013-04-13,,1.6666666666666667,0,2.328691075403392,0.24776899971792057
u43,2013-04-14,,2.0,0,2.1956896093454037,0.1287235716091201
u43,2013-04-15,,2.333333333333333,0,2.263011968458431,0.5416387950129458
u43,2013-04-16,,3.0,0,2.32028648248468,0.10199292001871679
u43,2013-04-17,,2.333333333333333,0,2.166426216375324,0.05956763300279785
u43,2013-04-18,,3.0,0,2.1387119589926415,0.2372936243402724
u43,2013-04-21,,2.5,0,2.5635665408560397,0.1868459956075949
u43,2013-04-23,,3.0,0,2.1615057000764497,0.44469533558717406
u43,2013-04-25,5.0,3.0,0,1.9954178849924278,0.07019757472773759
u43,2013-04-26,,4.0,1,2.077659025852312,0.22815323605842724
u43,2013-04-28,,3.0,0,2.285230704071721,0.09160666500144493
u43,2013-04-29,,2.0,0,2.066013028066558,0.0555409658591343
u43,2013-04-30,5.0,3.0,0,1.8423875158339036,0.12935623745813
u43,2013-05-01,6.0,3.0,0,2.0602814374461724,0.0496286802591331
u43,2013-05-02,6.0,1.0,0,2.2426399953582328,0.056157715974678016
u43,2013-05-03,6.0,1.0,0,1.8266635226468149,0.02849962179658032
u43,2013-05-07,6.0,1.0,0,2.071813290825604,0.03249355809364959
u43,2013-05-08,,1.0,0,2.2592496857540243,0.13353214661568782
u43,2013-05-09,,1.0,0,2.1641743271546168,0.30078941057390307
u43,2013-05-15,,1.0,0,2.3647655708004263,0.22562215788852671
u43,2013-05-20,,1.0,0,2.2512268619471456,0.21016673076732173
u43,2013-05-21,,1.0,0,2.5899322011205808,0.2008849736135088
u43,2013-05-24,,1.0,0,2.1860277124336216,0.06906609029378327
u44,2013-04-02,,4.0,1,2.0154555944365615,0.12182459410828013
u44,2013-04-03,,4.333333333333333,1,2.2308165541221228,0.07673322136451632
u44,2013-04-04,,2.5,0,1.8356628629296847,0.05587140807725277
u44,2013-04-05,,4.0,1,2.0896580224544965,0.1154582224795084
u44,2013-04-06,,2.5,0,2.3576521534614976,0.08417572406884226
u44,2013-04-07,,1.0,0,2.145018806423946,0.10891368598309986
u44,2013-04-08,,2.333333333333333,0,2.2684689903036537,0.04439625531261075
u44,2013-04-09,,1.75,0,1.9468274013034943,0.08691542646782624
u44,2013-04-10,,1.5,0,2.1757925538112377,0.1816441711375408
u44,2013-04-11,,1.0,0,1.9103757765534395,0.08775338365170472
u44,2013-04-12,,1.0,0,2.1592504652703273,0.12164725295781254
u44,2013-04-13,,1.3333333333333333,0,2.115120040055375,0.3114351802851703
u44,2013-04-15,,2.333333333333333,0,2.2092484760643814,0.11786230233854818
u44,2013-04-16,,2.5,0,1.9259932461534572,0.10292010254827937
u44,2013-04-18,,1.0,0,2.0706774549967215,0.13575145888950038
u44,2013-04-20,,1.0,0,2.3817461732874423,0.09769749616228147
u44,2013-04-21,,1.0,0,2.3185290053812944,0.060503448655841674
u44,2013-04-22,,2.0,0,1.940317451885987,0.07028874961357703
u44,2013-04-23,,2.5,0,2.0772609318229067,0.4910029678182855
u44,2013-04-24,,1.0,0,2.024240839396655,0.10120140373964982
u44,2013-04-25,5.0,1.0,0,1.884528443527231,0.08280679078789666
u44,2013-04-26,5.0,1.0,0,1.9848702895299908,0.07337687719600089
u44,2013-04-27,,1.0,0,2.2199867740925683,0.35260760216693215
u44,2013-04-29,,2.333333333333333,0,2.0843163767526676,0.05515948183033048
u44,2013-04-30,5.0,2.0,0,2.0540168073213096,0.049309377100343554
u44,2013-05-01,6.0,1.0,0,1.8000856754626535,0.3258515185487543
u44,2013-05-02,,1.0,0,1.9297943249669347,0.14428919847149616
u44,2013-05-03,6.0,1.0,0,1.9559913725006584,0.1464659945698439
u44,2013-05-04,,1.0,0,2.324952692419087,0.31454911096235627
u44,2013-05-05,6.0,1.0,0,2.0893090997404817,0.08427309190213882
u44,2013-05-06,6.0,2.5,0,1.8227981834429374,0.18720874649578723
u44,2013-05-07,6.0,1.0,0,2.0790841404258487,0.024258073010771954
u44,2013-05-08,,2.0,0,1.946657683921123,0.22646156039175158
u44,2013-05-09,,1.0,0,2.121490243950106,0.18377284067795902
u44,2013-05-12,,2.5,0,2.2338797327163973,0.18166023251528063
u44,2013-05-13,,1.0,0,2.056054362869441,0.2508058118556119
u44,2013-05-14,,2.0,0,1.8817566561647934,0.1203355879626043
u44,2013-05-15,8.0,4.0,1,2.1190905965146447,0.20933146517299853
u44,2013-05-16,,4.0,1,1.8528439333236295,0.1665086959280858
u44,2013-05-17,,4.0,1,2.03532601414291,0.1551880003585319
u44,2013-05-18,,1.0,0,1.984067094015234,0.1267258966458619
u44,2013-05-19,,1.0,0,2.278137784132662,0.0653050566236807
u44,2013-05-20,,1.0,0,2.0369178254885267,0.13625473414402392
u44,2013-05-21,,1.0,0,2.1100423319773105,0.05548018301072763
u44,2013-05-22,9.0,1.0,0,2.187607840582561,0.08929355565176492
u44,2013-05-23,,1.0,0,1.9858140677578404,0.16313291647051673
u44,2013-05-24,9.0,1.0,0,2.4115894173479737,0.17605557843961125
u44,2013-05-27,,2.0,0,1.6848974079543009,0.021499030711030848
u44,2013-05-31,10.0,5.0,1,2.465558748895932,0.17358675731560502
u45,2013-04-02,,3.0,0,2.6458005896550545,0.7127153573059931
u45,2013-04-03,,4.333333333333333,1,2.604131021142299,0.16371461812716187
u45,2013-04-05,,4.5,1,2.479456056013543,0.41696994297977147
u45,2013-04-06,,1.0,0,2.508430436852408,0.3906945965929011
u45,2013-04-08,,4.5,1,2.185146721337166,0.35353188188924833
u45,2013-04-09,,1.0,0,2.300583255585166,0.19074958981660656
u45,2013-04-12,,5.0,1,2.330064052999602,0.1843383657656757
u45,2013-04-13,,5.0,1,2.66133552306041,0.2220504057540473
u45,2013-04-14,,5.0,1,3.077070414481778,0.24899723962989456
u45,2013-04-16,,5.0,1,2.076372058608745,0.039555282509038954
u45,2013-04-18,,5.0,1,2.30035559373105,0.14252281802549036
u45,2013-04-29,,4.0,1,2.2653791284389,0.18034734800713806
u45,2013-05-05,,1.0,0,2.5994883685131085,0.35255788273886024
u45,2013-05-06,6.0,1.0,0,2.179004334409452,0.11471705540166756
u45,2013-05-07,6.0,1.0,0,2.222991087202089,0.09309328302778333
u45,2013-05-08,7.0,2.5,0,2.0372937488740765,0.05409536565151683
u45,2013-05-17,,2.0,0,2.361112356228118,0.40020506984986154
u45,2013-05-20,,2.0,0,2.377245212183982,0.3784587971086831
u45,2013-05-25,,1.0,0,2.486888444082013,0.12540851493011182
u46,2013-03-31,,1.5,0,2.3582479670717977,0.28444090039524667
u46,2013-04-01,,3.0,0,2.1427759871698187,0.03630703858409994
u46,2013-04-02,,3.0,0,2.047887075169305,0.03518668412455915
u46,2013-04-03,,2.5,0,2.2737838792327953,0.15423895519049158
u46,2013-04-04,,3.0,0,2.4779364282704197,0.2749226198270709
u46,2013-04-05,,3.0,0,2.595698752300587,0.34612095156572015
u46,2013-04-06,,3.5,0,2.4267452458720706,0.2349984058405174
u46,2013-04-07,,3.0,0,2.1486077444079403,0.05352178105217666
u46,2013-04-08,,4.0,1,2.263125348737537,0.18780781985666628
u46,2013-04-09,,4.0,1,2.3927553954782868,0.13236846685119932
u46,2013-04-11,,3.0,0,2.091284206386581,0.013711667215070266
u46,2013-04-12,,1.0,0,2.194430760939401,0.01991666619047032
u46,2013-04-13,,3.0,0,2.313352878403638,0.16083812883429519
u46,2013-04-15,,3.0,0,2.524559996898487,0.0794821944973304
u46,2013-04-17,,3.0,0,2.3778838520173142,0.26670508852023306
u46,2013-04-26,5.0,3.0,0,2.380325409085091,0.015829616741874445
u46,2013-04-28,5.0,3.0,0,2.457606245898716,0.05705860289763265
u46,2013-04-29,,3.0,0,2.1032377365249704,0.019170736563663558
u46,2013-04-30,,3.0,0,2.1724240625088007,0.1283865001302131
u46,2013-05-02,6.0,1.0,0,2.075489531793183,0.025077688002801603
u46,2013-05-06,,2.0,0,2.386827759587522,0.043687817203441684
u46,2013-05-07,6.0,1.0,0,2.2490243940047825,0.2207720668455407
u46,2013-05-09,,1.0,0,2.11394510119548,0.2977136973481973
u47,2013-03-29,,1.0,0,2.1928518624250963,0.5854177275447013
u47,2013-04-05,,4.0,1,1.9944110668604091,0.06633023212042938
u47,2013-04-12,,1.0,0,2.1716582939466265,0.2780866519866088
u47,2013-04-13,,2.0,0,2.1775583005907326,0.0730275605005732
u47,2013-04-17,,1.0,0,2.107546950230285,0.05649946713040019
u47,2013-04-18,,2.5,0,2.164425058260764,0.22040872192018623
u47,2013-04-29,,2.0,0,2.074482156043954,0.07948685830318154
u47,2013-04-30,,2.0,0,2.1123632187539756,0.1931585536333081
u47,2013-05-03,6.0,1.0,0,2.0228390783071215,0.12554225135293023
u47,2013-05-20,8.0,1.0,0,2.11392872636086,0.07369735497887472
u47,2013-05-23,9.0,4.0,1,2.342187320288771,0.09055398513299784
u47,2013-05-24,,1.0,0,2.064185074052131,0.18545870099450998
