uid,date,study_week,stress_avg,high_stress,stress_predicted,high_stress_prob
u00,2013-03-27,,1.0,0,2.2919805199720336,0.03452363210776899
u00,2013-03-28,,3.1666666666666665,0,2.231009799533505,0.1546521739360334
u00,2013-03-29,,2.0,0,2.455786205966047,0.2649982812849569
u00,2013-03-30,,4.0,1,2.578270750066425,0.7894617503178304
u00,2013-03-31,,4.5,1,2.208711565642782,0.1003270585169953
u00,2013-04-02,,1.5,0,2.637726619838669,0.46411298803666423
u00,2013-04-03,,2.5,0,2.2951422373979375,0.14375682593630099
u00,2013-04-04,,2.333333333333333,0,2.2522197055098503,0.2897056251525058
u00,2013-04-05,,1.3333333333333333,0,2.442323032821471,0.33004823154223667
u00,2013-04-07,,4.0,1,2.4365356456195957,0.047235479496277794
u00,2013-04-09,,1.6666666666666667,0,2.2132783479048137,0.2093054879249107
u00,2013-04-12,,2.0,0,2.3319985556885108,0.49482892751832536
u00,2013-04-14,,3.0,0,2.2239564636525024,0.6297482820002541
u00,2013-04-15,,3.0,0,2.119613611210785,0.18575121727537988
u00,2013-04-16,,3.0,0,2.216174062098612,0.20327071766559107
u00,2013-04-17,,3.0,0,2.229047687368383,0.0640924630609109
u00,2013-04-18,,4.0,1,2.2585086543421657,0.04689744308436849
u00,2013-04-23,,1.0,0,2.3334689624537956,0.2864031201651685
u00,2013-04-25,5.0,1.0,0,2.0337630514619,0.20583256827186241
u00,2013-04-26,,1.0,0,2.287390826535836,0.20233885146057415
u00,2013-04-28,,1.0,0,2.224596754306069,0.1648687804042181
u00,2013-04-29,,2.0,0,2.226534446069068,0.1452934516424945
u00,2013-04-30,5.0,3.0,0,1.9652135048236385,0.30372691120598366
u00,2013-05-06,,1.0,0,2.5354363628718417,0.013581246843619627
u00,2013-05-08,,3.333333333333333,0,2.26405839449383,0.05725520750224254
u00,2013-05-14,,4.0,1,2.132468705084178,0.03849984869173817
u00,2013-05-15,8.0,2.5,0,2.3505842449935006,0.08407322370442773
u00,2013-05-16,8.0,4.0,1,2.462094292065014,0.5451346255165105
u00,2013-05-17,8.0,4.0,1,2.4427393119338747,0.5955726862842683
u00,2013-05-20,8.0,1.0,0,2.1588883133448142,0.1424081457969277
u00,2013-05-21,8.0,2.0,0,2.538347772630809,0.22356166862893884
u00,2013-05-22,9.0,1.0,0,2.867300257456141,0.7775637659791673
u00,2013-05-23,,1.0,0,2.2894826936526633,0.15318616143177888
u00,2013-05-24,,1.0,0,2.6191433791391647,0.25355764861340047
u00,2013-05-25,9.0,2.0,0,2.687300655388983,0.13004158086012257
u00,2013-06-03,10.0,1.0,0,2.527386237329851,0.38234642917723827
u01,2013-03-27,,4.0,1,2.312176390287314,0.396517494292036
u01,2013-03-28,,4.0,1,2.3275339328373703,0.3819084288781516
u01,2013-03-29,,3.0,0,2.3224883586814093,0.2966128316819103
u01,2013-03-30,,1.0,0,2.137925467010462,0.3209088653018305
u01,2013-03-31,,1.5,0,2.6078063162512493,0.22087435908141662
u01,2013-04-03,,1.0,0,2.493349005519984,0.352736410748355
u01,2013-04-04,,4.0,1,2.3022776531688702,0.47666247377750764
u01,2013-04-05,,4.0,1,2.3468964807517416,0.5238538565753406
u01,2013-04-06,,5.0,1,2.113635250968578,0.4402865633258507
u01,2013-04-07,,1.0,0,2.4886584228068607,0.4762197795440271
u01,2013-04-09,,1.5,0,2.140575875316692,0.32361422021422814
u01,2013-04-10,,1.0,0,2.3263955747775458,0.6038032337342084
u01,2013-04-11,,1.0,0,2.296556411026055,0.11205229894965765
u01,2013-04-13,,4.0,1,2.140753844647765,0.40383327971110916
u01,2013-04-14,,1.0,0,2.4096782085845776,0.2302828485701408
u01,2013-04-15,,1.0,0,2.4224456779363472,0.15184897678984277
u01,2013-04-16,,1.0,0,2.388570995338914,0.2957368609147554
u01,2013-04-17,,1.0,0,2.339723797816331,0.12075103983472261
u01,2013-04-18,,4.0,1,2.102265609622013,0.1256208759233523
u01,2013-04-20,,4.0,1,2.4753542536854023,0.14980492894029948
u01,2013-04-26,5.0,1.0,0,2.2584438258093336,0.05764352452018208
u01,2013-04-28,,2.0,0,2.4248261889493,0.37701614454981236
u01,2013-04-29,,3.0,0,2.3750371943939195,0.21324845940952084
u01,2013-04-30,,2.0,0,2.3633170922235833,0.2258281572037307
u01,2013-05-07,,1.0,0,2.3190395137388546,0.3637793941054832
u02,2013-03-27,,4.0,1,2.000569947595806,0.2272498762327581
u02,2013-03-28,,1.0,0,2.1803323112636077,0.4614029045634931
u02,2013-03-29,,4.0,1,1.9270387584754314,0.19611402733514555
u02,2013-03-30,,4.0,1,2.4113773609691695,0.4220808303197741
u02,2013-03-31,,5.0,1,2.00756874982017,0.17306293438435255
u02,2013-04-03,,1.5,0,1.9160141672704984,0.6318179209859821
u02,2013-04-05,,1.0,0,1.954845933785035,0.36069214984787723
u02,2013-04-06,,4.0,1,2.3576867223480544,0.5066775872668144
u02,2013-04-07,,1.0,0,2.1100351075715937,0.1795530975362376
u02,2013-04-08,,1.0,0,1.8274140937635348,0.08668912881132634
u02,2013-04-09,,1.0,0,2.2442749284410666,0.1499152752212567
u02,2013-04-11,,1.0,0,1.8693650891397464,0.09395640911525122
u02,2013-04-13,,1.0,0,2.157007823549581,0.19692801122497347
u02,2013-04-14,,2.0,0,2.278568223919743,0.09950380946924826
u02,2013-04-15,,1.0,0,1.9288980291471904,0.029073674569684124
u02,2013-04-16,,2.0,0,1.7870657214112797,0.3208112164528871
u02,2013-04-17,,4.0,1,1.8255986743631587,0.1093936139444119
u02,2013-04-18,,4.0,1,1.8582670061731128,0.18824232541133568
u02,2013-04-20,,4.0,1,2.1583618875967194,0.3402566373386863
u02,2013-04-23,,1.0,0,2.2393952197908407,0.13739054803130488
u02,2013-04-25,5.0,1.0,0,1.789731727416258,0.3660538679570215
u02,2013-04-28,,2.0,0,1.8042549932238408,0.02539851670871233
u02,2013-04-29,,2.0,0,1.985985915157336,0.08730401114118266
u02,2013-04-30,5.0,2.0,0,1.7835830940405888,0.07176798021071953
u02,2013-05-03,6.0,1.0,0,2.113589625953101,0.3089179682600955
u02,2013-05-06,,1.0,0,1.753602625046756,0.18462816547135386
u02,2013-05-07,6.0,1.0,0,2.0927574476198587,0.038072474917006896
u02,2013-05-08,,1.0,0,1.9778196039023213,0.1350444905969607
u03,2013-03-27,,3.333333333333333,0,2.3043021610918575,0.4103809759730093
u03,2013-03-31,,3.375,0,2.813837852994454,0.7473051108628701
u03,2013-04-04,,5.0,1,2.9751933000133657,0.27266899540204076
u03,2013-04-05,,5.0,1,2.334064985060013,0.07697678070972043
u03,2013-04-06,,2.0,0,2.5081055681046536,0.2893780944806211
u03,2013-04-07,,3.0,0,2.5913780372515456,0.29321991869480357
u03,2013-04-09,,1.0,0,2.945611366731127,0.09376888417100218
u03,2013-04-14,,4.0,1,2.585350866611549,0.210549022004058
u03,2013-04-17,,2.0,0,2.6883627837034183,0.23195359469473115
u03,2013-04-21,,2.0,0,3.1446851079473452,0.22890977568632467
u03,2013-04-23,,1.0,0,2.9616577698057203,0.6996741385215814
u03,2013-04-25,,1.0,0,2.2769062471477977,0.1822077551104399
u03,2013-04-26,,1.0,0,2.800553131554916,0.3408920850208347
u03,2013-04-28,,2.5,0,3.0933712528390735,0.10911301114504292
u03,2013-04-29,,3.5,0,2.544816757764834,0.07857557198138203
u03,2013-04-30,,5.0,1,2.2500263213063407,0.2633250744727432
u03,2013-05-12,7.0,1.0,0,3.1274262300702,0.7944440786233673
u04,2013-03-27,,2.0,0,1.798823910041714,0.016325749002041725
u04,2013-03-29,,1.3333333333333333,0,2.0718797394003063,0.012679889509200801
u04,2013-03-30,,1.0,0,2.098624329356079,0.017204027449833965
u04,2013-03-31,,1.0,0,2.0302736724989545,0.029749698130371868
u04,2013-04-01,,3.0,0,1.908016587241769,0.019575562048432478
u04,2013-04-02,,1.5,0,1.9603967667663427,0.05635031281097777
u04,2013-04-03,,2.0,0,1.9806426696594535,0.045513829321977145
u04,2013-04-04,,1.0,0,2.008286051876987,0.009912155822599529
u04,2013-04-05,,1.5,0,2.0088783310846807,0.02356530097995823
u04,2013-04-06,,1.0,0,2.328018894537948,0.04013929913279305
u04,2013-04-07,,1.0,0,2.194570148144791,0.034137543725678496
u04,2013-04-09,,1.0,0,1.9336309889416432,0.01297020800534052
u04,2013-04-11,,3.0,0,2.0535110157953547,0.011847060948394005
u04,2013-04-14,,2.0,0,2.1226284458907307,0.08341378786517571
u04,2013-04-15,,3.0,0,1.8269250371407975,0.006590856452177939
u04,2013-04-16,,2.5,0,1.7910189396851632,0.01072490101818849
u04,2013-04-17,,1.0,0,1.9909045779185333,0.014971683957635947
u04,2013-04-18,,1.0,0,2.0061178645598696,0.008305307919110019
u04,2013-04-22,,1.0,0,1.8018601718515237,0.01792480841530557
u04,2013-04-25,5.0,3.0,0,1.7806776175768537,0.051461267902591847
u04,2013-04-26,,3.0,0,1.9798285842158654,0.02651223324259623
u04,2013-04-28,,3.0,0,2.1570417724546957,0.029166236133642384
u04,2013-04-29,,3.0,0,1.7717200922430791,0.012107906155366647
u04,2013-04-30,,3.0,0,1.9155320344807645,0.007258203798797131
u04,2013-05-07,,2.0,0,1.9035878727826328,0.03376263025420636
u04,2013-05-08,,1.0,0,1.963837752105875,0.041467644324988694
u04,2013-05-09,7.0,3.0,0,1.969528904943549,0.02974355797779243
u05,2013-03-27,,4.333333333333333,1,2.4428014155692206,0.378688448554144
u05,2013-03-28,,2.5,0,3.324200481499771,0.7998190581821705
u05,2013-03-29,,4.0,1,2.566057864533529,0.7223767940559412
u05,2013-03-30,,4.0,1,3.7322332233583277,0.84839640317347
u05,2013-03-31,,1.0,0,3.6827612438071986,0.5226063706120039
u07,2013-03-27,,2.2,0,3.649655785475918,0.5431360535360443
u07,2013-03-28,,2.0,0,3.846357325930523,0.33515651540958064
u07,2013-03-29,,3.6666666666666665,0,3.655081274259918,0.4281293037518891
u07,2013-03-30,,4.666666666666667,1,3.756201133776435,0.23653102114632582
u07,2013-03-31,,3.4,0,3.7208194213425867,0.3688543958589224
u07,2013-04-01,,4.5,1,3.515330252389081,0.30062297415601447
u07,2013-04-03,,4.0,1,3.634256528305719,0.5676875020702893
u07,2013-04-04,,4.0,1,3.6917176477215428,0.3085386989776718
u07,2013-04-05,,5.0,1,3.7663995183499157,0.42479570815383166
u07,2013-04-08,,4.0,1,3.6480491568611892,0.6822932290289981
u07,2013-04-11,,2.5,0,3.5679912935567506,0.5841370697381221
u07,2013-04-12,,4.0,1,3.5226767752858423,0.8608677109796314
u07,2013-04-13,,4.0,1,3.575248672757228,0.566552769739792
u07,2013-04-15,,2.0,0,3.5157914035750704,0.7234168458609154
u07,2013-04-16,,2.5,0,3.5109064593272663,0.516049560461363
u07,2013-04-17,,4.0,1,3.446135503090651,0.8549619759071049
u07,2013-04-18,,4.0,1,3.4406182214129313,0.4860011462475413
u07,2013-04-20,,4.0,1,3.6515617607282165,0.20487030975038686
u07,2013-04-23,,4.5,1,3.631333139162705,0.49922862372685484
u08,2013-03-27,,2.5,0,1.8838526598540226,0.01867055393384098
u08,2013-03-28,,2.0,0,2.094975160685436,0.022232466253991185
u08,2013-03-29,,2.0,0,1.834175303020738,0.051392367027417174
u08,2013-03-30,,1.0,0,2.074647157399112,0.03152523113648351
u08,2013-03-31,,3.0,0,1.952550256760218,0.04591926833781299
u08,2013-04-01,,1.2,0,1.8341418359379635,0.015502587922564308
u08,2013-04-02,,1.0,0,1.8950387923653116,0.04875584245139901
u08,2013-04-03,,1.0,0,1.966416601349097,0.022705397948711008
u08,2013-04-04,,1.0,0,2.0695619024155163,0.0765201849940692
u08,2013-04-05,,2.0,0,1.9141916567058628,0.06684933177094918
u08,2013-04-06,,1.0,0,2.3532778970141353,0.09453729758645807
u08,2013-04-07,,1.0,0,2.0590335283808474,0.034730540319359494
u08,2013-04-09,,1.0,0,1.9271117785141814,0.03843092362150635
u08,2013-04-10,,2.333333333333333,0,1.912813720326432,0.04778198259558
u08,2013-04-11,,2.0,0,1.9253433121913879,0.029065308801572584
u08,2013-04-12,,2.0,0,1.9554929293606942,0.02460210359984572
u08,2013-04-13,,2.0,0,2.001173630510169,0.09314247884853911
u08,2013-04-14,,2.0,0,2.103136095129538,0.05073522440275245
u08,2013-04-15,,2.333333333333333,0,1.9122244792257388,0.022510717812931385
u08,2013-04-16,,2.0,0,1.8519127791436447,0.03685403444933443
u08,2013-04-17,,2.0,0,1.9259468798986297,0.016491578289897203
u08,2013-04-18,,2.5,0,1.9774467551861727,0.014449004188607435
u08,2013-04-20,,2.0,0,2.085930648491018,0.04036671252846016
u08,2013-04-21,,3.0,0,1.9726493994939616,0.049414333671379006
u08,2013-04-23,,2.0,0,1.8979030744180745,0.0662716778383586
u08,2013-04-24,5.0,3.0,0,1.7819573408760028,0.10351433466612861
u08,2013-04-25,5.0,3.0,0,1.6809773560254841,0.06228182776784506
u08,2013-04-26,5.0,2.5,0,1.7445029240050267,0.013498524395845792
u08,2013-04-28,,2.0,0,1.9945805936556562,0.03667742963639771
u08,2013-04-29,,2.0,0,1.7782225899148763,0.020841876181095658
u08,2013-04-30,,3.0,0,1.9045630844795907,0.01613760631376482
u08,2013-05-01,6.0,1.25,0,1.8667194716389919,0.013413082571649047
u08,2013-05-02,6.0,1.0,0,1.8648589307667949,0.025499290427541735
u08,2013-05-05,6.0,3.0,0,1.8327269394600787,0.09203634641915032
u08,2013-05-06,6.0,2.0,0,1.8137342942015466,0.012485835562483942
u08,2013-05-08,7.0,2.0,0,1.8980608565868897,0.01741007553551849
u08,2013-05-09,,2.0,0,2.0081939061333713,0.1411662788137649
u08,2013-05-19,,2.0,0,1.8833493360933427,0.013121836474024613
u08,2013-05-23,,2.0,0,2.068523811414852,0.026090542009237182
u08,2013-05-24,,2.0,0,1.9949523371972446,0.03503720808717444
u09,2013-03-27,,4.0,1,2.5079092044997435,0.08048684627830055
u09,2013-03-28,,4.0,1,3.9907404469397356,0.0510709759510376
u09,2013-03-29,,1.0,0,4.044201635596788,0.4470815865067744
u10,2013-03-27,,2.0,0,2.2145949787878716,0.14061269506604207
u10,2013-03-29,,2.0,0,2.190641284152982,0.07210599384191041
u10,2013-03-30,,2.5,0,2.222745288398083,0.061750226856709174
u10,2013-03-31,,2.2,0,2.3248308365594506,0.12280034511087597
u10,2013-04-01,,3.25,0,1.903800652953704,0.030497147612521057
u10,2013-04-02,,1.0,0,2.2154572594357345,0.07144346497756147
u10,2013-04-03,,4.25,1,2.1899878880690324,0.06610398038278249
u10,2013-04-04,,1.2,0,2.0943423000200556,0.1387520506466567
u10,2013-04-05,,2.0,0,2.104602118791185,0.0743988600387698
u10,2013-04-06,,3.0,0,2.1553829860040645,0.1704402260009992
u10,2013-04-07,,2.0,0,2.131160173466068,0.022012863956651047
u10,2013-04-08,,4.25,1,1.9268828634365527,0.03311858477415686
u10,2013-04-09,,2.6666666666666665,0,1.9560483155360355,0.058855753500367376
u10,2013-04-10,,1.5,0,2.1532077522966286,0.03722654605730958
u10,2013-04-11,,2.2,0,2.206201628854794,0.14119448586806665
u10,2013-04-12,,1.0,0,2.1141837953032425,0.20639542483743634
u10,2013-04-13,,1.0,0,2.3270931124467946,0.10780568759915644
u10,2013-04-14,,1.0,0,2.3433083143257027,0.14184111115948092
u10,2013-04-15,,2.0,0,1.9779068928726895,0.030927979834849937
u10,2013-04-16,,1.5,0,2.024634827640858,0.045964631981022575
u10,2013-04-17,,1.5,0,1.9624397370383826,0.12037250881105296
u10,2013-04-18,,2.5,0,2.0811278961803263,0.08588806101498164
u10,2013-04-20,,3.0,0,2.3061580575099065,0.2452749307245372
u10,2013-04-21,,4.0,1,2.0846744690436747,0.03954697829909672
u10,2013-04-22,,4.0,1,1.9894425146735006,0.29419434468615546
u10,2013-04-23,,1.2,0,1.976938539843514,0.09618080614155215
u10,2013-04-24,5.0,2.0,0,1.8194621793613694,0.045320322753172
u10,2013-04-25,5.0,3.0,0,1.7987092000876623,0.3353205633888364
u10,2013-04-26,5.0,1.5,0,1.90094648376383,0.037272241102595215
u10,2013-04-27,5.0,4.0,1,1.8915301154555937,0.07858192810981478
u10,2013-04-28,,1.0,0,2.3237067054428917,0.14748753758348318
u10,2013-04-29,,2.6666666666666665,0,2.1203867144368846,0.16673180795980913
u10,2013-04-30,,4.0,1,1.9594032370404477,0.11552974508411903
u10,2013-05-02,,1.0,0,2.132928271877266,0.26161009135478913
u10,2013-05-03,6.0,1.0,0,1.898763488246992,0.08410408379726868
u10,2013-05-07,,1.0,0,2.1287942740805375,0.03346885481712284
u10,2013-05-08,,1.0,0,2.1641526711992465,0.1504989556806439
u10,2013-05-09,7.0,1.0,0,2.1580843864687917,0.10721181268679358
u10,2013-05-14,,1.0,0,2.1327779443822545,0.13540110056132706
u10,2013-05-15,8.0,4.0,1,2.2422341801487353,0.06937269813185061
u10,2013-05-17,8.0,1.0,0,2.328623294577501,0.2361999148317476
u10,2013-05-18,,2.0,0,2.357016804265657,0.07792130188634688
u10,2013-05-23,,4.0,1,2.211596276195307,0.1367026199935455
u12,2013-03-27,,4.0,1,2.24046848707177,0.14299926548219044
u12,2013-03-28,,3.5,0,2.291988621087737,0.26183647373599583
u12,2013-03-29,,1.0,0,2.7462811931792914,0.4391723894934256
u12,2013-03-30,,3.0,0,2.659869524826159,0.35675928634661513
u12,2013-03-31,,4.0,1,2.2781859781676776,0.2014664429202106
u12,2013-04-02,,4.0,1,2.5724625220936197,0.05903679384633049
u12,2013-04-03,,1.0,0,2.6619905674091995,0.2734288582760536
u12,2013-04-04,,3.0,0,2.5290089193338283,0.526084760629174
u12,2013-04-05,,4.0,1,2.2881031807809884,0.4514451297554864
u12,2013-04-06,,3.0,0,2.3990345186033735,0.4085588676886639
u12,2013-04-09,,1.0,0,2.611625407925414,0.42495636778792023
u12,2013-04-10,,2.5,0,2.253580107122044,0.5578000589660403
u12,2013-04-11,,1.0,0,2.668970706009733,0.2306933857107322
u12,2013-04-13,,3.0,0,2.756343227274084,0.33769213201642795
u12,2013-04-15,,1.0,0,2.5010774836092704,0.11173980601350926
u12,2013-04-16,,1.0,0,2.53587877985192,0.16835419703964166
u12,2013-04-19,,5.0,1,2.2632196039130084,0.12542617261253003
u12,2013-04-25,,1.0,0,2.2449489189761307,0.20190847462379988
u12,2013-04-29,,3.0,0,2.3548944350048937,0.10942206546276323
u12,2013-04-30,,3.0,0,2.6028099478039723,0.19500602908468792
u12,2013-05-07,,1.0,0,2.583530883056678,0.4327719204047166
u12,2013-05-08,,1.0,0,2.4595440240877053,0.30199165277341433
u12,2013-05-23,,2.0,0,2.341232250531025,0.3059078719031939
u14,2013-03-27,,4.0,1,2.21548765917625,0.14978827779791692
u14,2013-03-28,,4.0,1,2.1328658921284473,0.08107063159230445
u14,2013-03-29,,1.0,0,2.3878700748797064,0.32420204296854926
u14,2013-03-30,,1.0,0,2.461564443515969,0.11440761785635269
u14,2013-04-01,,2.0,0,2.2326127760467136,0.056512282512736184
u14,2013-04-02,,2.0,0,2.2903816668618586,0.15759005328291398
u14,2013-04-03,,2.0,0,2.248023286179692,0.025572938258337414
u14,2013-04-04,,2.0,0,2.3307547337536496,0.21531673518432773
u14,2013-04-06,,2.0,0,2.507094734241923,0.10985999330810173
u14,2013-04-07,,2.0,0,2.2653136951439956,0.1177002945963026
u14,2013-04-09,,2.0,0,2.322185311926162,0.016345022141314756
u14,2013-04-10,,2.0,0,2.3846669937892675,0.1202956441634362
u14,2013-04-11,,2.0,0,2.249220222918917,0.2609579382187127
u14,2013-04-12,,2.0,0,2.098404398177792,0.14818453798321582
u14,2013-04-13,,2.0,0,2.306855905938686,0.07407156594583061
u14,2013-04-14,,2.0,0,2.1476198289433293,0.2441660884654744
u14,2013-04-15,,2.0,0,2.0489087631766116,0.015815996009020193
u14,2013-04-16,,2.0,0,2.0729049333302263,0.026512195761129554
u14,2013-04-17,,2.0,0,2.1432492653627966,0.24757007295992742
u14,2013-04-18,,2.0,0,2.1054580274287558,0.08328122471685344
u14,2013-04-20,,2.0,0,2.249834263225825,0.17291380264538134
u14,2013-04-26,,2.0,0,2.416819296642586,0.20367230089482438
u14,2013-04-28,,2.0,0,2.4747317382284963,0.17957730115208365
u14,2013-04-29,,2.6666666666666665,0,2.231144696849606,0.09605783139902371
u14,2013-04-30,,2.0,0,2.073237140802003,0.04549871956851452
u14,2013-05-08,,3.0,0,2.018431249515378,0.027802779762709107
u14,2013-05-09,,3.0,0,2.0254649854483193,0.022300793696058096
u14,2013-05-20,,3.0,0,1.9903118947125646,0.03827354984714493
u15,2013-03-29,,1.0,0,1.6532073609748088,0.03369604737041289
u15,2013-03-30,,2.5,0,1.5141861269542498,0.1360170047955903
u15,2013-03-31,,1.0,0,1.8127545396558586,0.06531952923199386
u15,2013-04-03,,3.0,0,1.2162154645172172,0.0743002381912523
u15,2013-04-05,,1.0,0,1.634503991887684,0.10802201572010789
u15,2013-04-09,,1.0,0,1.6781506153440384,0.030445522371501308
u15,2013-04-16,,1.0,0,1.4883579289627205,0.029712476857889396
u15,2013-04-17,,1.0,0,1.2319224685466663,0.03809060391792063
u16,2013-03-27,,1.0,0,1.8573102685090894,0.05142824555131491
u16,2013-03-28,,1.0,0,2.0591997553887564,0.111926043632269
u16,2013-03-29,,1.0,0,2.1111396055354947,0.08611562325167217
u16,2013-03-30,,1.0,0,2.143169154520827,0.046493593253033934
u16,2013-03-31,,4.0,1,1.9778702277464646,0.04302847509280197
u16,2013-04-02,,1.5,0,1.9407424780269216,0.05780191582078355
u16,2013-04-03,,2.0,0,1.9617269585652577,0.03568098865246838
u16,2013-04-04,,2.5,0,2.0534804851214243,0.06010595804570811
u16,2013-04-05,,2.5,0,2.1164346516650157,0.12239844807596446
u16,2013-04-07,,1.6666666666666667,0,2.0928025851313046,0.04326587531269248
u16,2013-04-08,,2.5,0,1.9538413184431167,0.019793840194936695
u16,2013-04-09,,1.0,0,2.101217314137525,0.04856883030098019
u16,2013-04-10,,2.75,0,2.0609572982525197,0.04464761452990417
u16,2013-04-11,,1.0,0,1.988611012931466,0.0839899320864307
u16,2013-04-12,,2.5,0,2.0477016382057287,0.036802690816671556
u16,2013-04-13,,2.0,0,2.0729228006534717,0.04102313132512187
u16,2013-04-14,,1.5,0,2.2560873428087374,0.07959196325167646
u16,2013-04-15,,2.0,0,1.9388190457743923,0.010040989022612327
u16,2013-04-16,,1.0,0,1.9937001611527396,0.04328945708416925
u16,2013-04-17,,1.0,0,1.9582964395762812,0.07012395213342248
u16,2013-04-18,,1.6666666666666667,0,2.0031331195654687,0.017111187785020708
u16,2013-04-19,,2.333333333333333,0,2.0829318053294243,0.015252839039747414
u16,2013-04-20,,2.0,0,2.184765326240167,0.09808591016205159
u16,2013-04-21,,3.0,0,2.150994623736045,0.060724342496913546
u16,2013-04-23,,1.0,0,2.1194798935006967,0.022720760511830605
u16,2013-04-26,5.0,3.0,0,1.8259956999777232,0.01837569611176019
u16,2013-04-28,,3.0,0,1.9923626708144666,0.06385914343877441
u16,2013-04-29,,3.0,0,1.875189680178853,0.018806068525449256
u16,2013-04-30,5.0,3.5,0,1.7884229313318944,0.03554819410575197
u16,2013-05-01,6.0,1.0,0,1.8300545402113786,0.04462693941845628
u16,2013-05-02,6.0,1.0,0,1.8573234890516441,0.04480345331897174
u16,2013-05-03,6.0,3.0,0,1.9207602627383231,0.01535097164343297
u16,2013-05-04,6.0,1.5,0,2.096187851664106,0.1507827879868719
u16,2013-05-05,6.0,2.0,0,2.11680069683121,0.06709607888954074
u16,2013-05-06,6.0,3.0,0,1.7105206936359834,0.022956706563885126
u16,2013-05-07,6.0,2.333333333333333,0,1.9314496408826938,0.08216292442310806
u16,2013-05-08,7.0,1.6666666666666667,0,1.9710892001072635,0.020872134134270096
u16,2013-05-09,7.0,2.0,0,2.009358999508381,0.11996451774791211
u16,2013-05-10,7.0,3.0,0,2.1257603404788585,0.08483642159714347
u16,2013-05-11,7.0,2.0,0,2.0983446174003015,0.30980636620485225
u16,2013-05-12,7.0,1.0,0,2.0105748473497744,0.05488516476745613
u16,2013-05-13,7.0,2.0,0,1.9815120796470962,0.10652262967991949
u16,2013-05-14,7.0,2.0,0,2.0659508951036702,0.048041961220413
u16,2013-05-15,8.0,3.0,0,2.112863655330295,0.11514334780803077
u16,2013-05-17,,2.5,0,1.9718468718946514,0.05521113660465452
u16,2013-05-18,8.0,1.0,0,2.2200036927649807,0.04261136247751977
u16,2013-05-19,,3.0,0,2.099815315794644,0.8263041937609958
u16,2013-05-20,8.0,1.3333333333333333,0,2.0412321676937295,0.040340381799571126
u16,2013-05-21,8.0,3.0,0,2.07259864519989,0.061650370014202045
u16,2013-05-22,9.0,1.0,0,2.228981847437861,0.1754415106901002
u16,2013-05-23,9.0,2.5,0,2.0691515519902977,0.10663419069857198
u16,2013-05-24,9.0,1.5,0,2.2194806232778026,0.38242695432229296
u16,2013-05-28,9.0,3.0,0,2.1923336942331573,0.04402003044741023
u17,2013-03-28,,1.0,0,2.9161223060944157,0.0805751865865397
u17,2013-03-30,,2.0,0,2.9184423053529494,0.06740946834157871
u17,2013-04-11,,3.0,0,2.7554266230865063,0.09371484820878723
u17,2013-04-14,,3.0,0,2.844633182601544,0.08059608903124588
u17,2013-04-15,,3.0,0,2.8052141385723326,0.05485600667472491
u17,2013-04-16,,3.0,0,2.7732581661386284,0.0620783334075266
u17,2013-04-17,,2.0,0,2.840383877743499,0.02225759964389045
u17,2013-04-18,,3.0,0,2.837672538974777,0.05492913770962228
u17,2013-04-20,,2.0,0,2.85574180898077,0.09323678880117676
u17,2013-04-21,,3.0,0,2.8707770853525716,0.04083151316916297
u17,2013-04-23,,3.0,0,2.687109982401817,0.06825666630711211
u17,2013-04-26,5.0,3.0,0,2.474912793079687,0.04195416930000479
u17,2013-04-29,5.0,3.0,0,2.6606987903165003,0.074176866695072
u17,2013-04-30,5.0,3.0,0,2.51019744574014,0.1141136993521346
u17,2013-05-01,,3.0,0,2.714255123070866,0.09289055237204906
u17,2013-05-02,,3.0,0,2.9394761877996287,0.1727825749378975
u17,2013-05-04,,3.0,0,2.8157314537596245,0.0945470867725709
u17,2013-05-07,6.0,3.0,0,2.681611012454673,0.15376436737625995
u17,2013-05-08,,3.0,0,2.740672854422904,0.1278792476786312
u17,2013-05-09,,3.0,0,2.8131756724038874,0.11850422923505585
u17,2013-05-11,,3.0,0,2.977764872692892,0.20386455453355093
u17,2013-05-14,,3.0,0,2.7412280376947042,0.09391734191173842
u17,2013-05-17,8.0,3.0,0,2.9220041920139956,0.16182554627785595
u17,2013-05-19,,3.0,0,2.879150138150685,0.20389824642557855
u17,2013-05-20,8.0,3.0,0,2.762727181325629,0.0470841308401027
u17,2013-05-21,,3.0,0,2.6878145414994874,0.05561593797490272
u17,2013-05-22,9.0,3.0,0,2.962217594248594,0.23203215310821687
u17,2013-05-24,9.0,3.0,0,3.009198396908631,0.2212001193020049
u17,2013-05-25,9.0,3.0,0,3.136099699446646,0.06931431765790244
u17,2013-05-28,9.0,3.0,0,2.9703098606216622,0.08679475172110464
u17,2013-05-31,10.0,3.0,0,3.1832248132918077,0.058747603335305605
u17,2013-06-01,10.0,3.0,0,3.183254893450745,0.20547462102158529
u18,2013-03-27,,4.0,1,1.8884826721592676,0.03259628450412654
u18,2013-03-29,,1.0,0,2.0184929964717075,0.1476595317412466
u18,2013-03-30,,4.0,1,2.0384395916602482,0.06600827498876005
u18,2013-04-03,,1.0,0,2.3183627027894023,0.07108557787340365
u18,2013-04-05,,1.0,0,1.880887071686929,0.03949079892776836
u18,2013-04-08,,1.0,0,1.858033161252715,0.05518686153289814
u18,2013-04-09,,1.0,0,2.2499413485419306,0.0984596162800455
u18,2013-04-15,,3.0,0,1.7325688371155408,0.07581945946578533
u18,2013-04-18,,1.0,0,2.2854486645935204,0.15793944544856595
u18,2013-04-20,,1.0,0,2.423477988239123,0.17531236466995315
u18,2013-04-21,,1.0,0,2.0232997895492,0.08488328181211578
u18,2013-04-26,5.0,3.0,0,1.896891506984941,0.01686008950666186
u18,2013-04-29,5.0,3.0,0,1.895230561514556,0.023997490724222758
u18,2013-04-30,,3.0,0,1.8108340538470709,0.0419606242287362
u19,2013-03-27,,2.0,0,2.035444326683575,0.05047121839166731
u19,2013-03-28,,1.0,0,1.9998832586157036,0.046205833838928845
u19,2013-03-29,,1.0,0,2.0167939348226125,0.129064833869582
u19,2013-03-30,,1.5,0,2.2673945323598,0.05519082111213957
u19,2013-04-01,,1.0,0,2.041228988224337,0.045511375717617826
u19,2013-04-02,,1.0,0,2.0913117027248456,0.031187053037348287
u19,2013-04-03,,1.5,0,1.9497379033633389,0.16699681955520748
u19,2013-04-04,,1.3333333333333333,0,2.1260919482894836,0.08740441845171949
u19,2013-04-05,,2.0,0,2.094389657821894,0.2828908666895402
u19,2013-04-06,,2.0,0,2.091286673098998,0.019597902114527464
u19,2013-04-07,,3.0,0,2.159845061892281,0.06624063057773576
u19,2013-04-08,,1.6666666666666667,0,2.0175169686835237,0.032240701400066005
u19,2013-04-09,,1.3333333333333333,0,2.112946974168519,0.09601534104700901
u19,2013-04-10,,2.0,0,2.0149558466828963,0.17900725262869593
u19,2013-04-11,,2.0,0,2.019152579866332,0.24109154497593216
u19,2013-04-12,,1.0,0,1.9555326253072933,0.06810071616983147
u19,2013-04-13,,2.0,0,2.121781042908128,0.12174800239535719
u19,2013-04-14,,1.5,0,2.2126716177488985,0.06452980226867186
u19,2013-04-15,,1.5,0,1.948724377656562,0.029334498716561807
u19,2013-04-16,,2.0,0,2.025516033054978,0.02499519317182963
u19,2013-04-17,,2.0,0,1.9871200021605895,0.06175753269424576
u19,2013-04-18,,2.0,0,2.059380874387402,0.018273224891187947
u19,2013-04-19,,1.0,0,2.0516840871718482,0.09318804520522092
u19,2013-04-21,,2.0,0,1.977087924639421,0.05177066725041878
u19,2013-04-23,,1.0,0,1.9838063628758744,0.3588468979491377
u19,2013-04-25,5.0,2.0,0,1.8664782724585582,0.05769230972859507
u19,2013-04-26,5.0,1.0,0,1.8233488596690313,0.2273278411521035
u19,2013-04-28,5.0,2.0,0,2.002967435436134,0.07124169083004939
u19,2013-04-29,,3.0,0,1.934932195725081,0.021598609283726457
u19,2013-05-01,6.0,2.0,0,1.908130916557331,0.016520626998586852
u19,2013-05-02,6.0,2.0,0,1.6373153811192491,0.11320623407548541
u19,2013-05-03,6.0,1.0,0,1.906341207936633,0.050014191429797863
u19,2013-05-05,6.0,1.0,0,2.158934564433079,0.02256211433758538
u19,2013-05-06,6.0,1.0,0,1.560070222902222,0.04235961747885467
u19,2013-05-07,6.0,3.0,0,1.879566263609218,0.01226487187630244
u19,2013-05-08,,2.0,0,1.6898591948315815,0.0474533546028888
u19,2013-05-09,7.0,2.0,0,1.9888397998675076,0.12725716362772055
u19,2013-05-12,7.0,4.0,1,2.0652738843422864,0.02888646792955591
u19,2013-05-13,7.0,2.0,0,1.9389993722779848,0.04069716042214013
u19,2013-05-14,,1.0,0,1.923554624173759,0.012990266374540474
u19,2013-05-15,8.0,2.5,0,2.0457129239245533,0.09774343686459357
u19,2013-05-16,8.0,3.0,0,2.0852775478489485,0.05353770255173989
u19,2013-05-17,8.0,3.0,0,2.0773394497937923,0.05135094929413198
u19,2013-05-19,8.0,4.0,1,2.1613570877504715,0.396643768026858
u19,2013-05-20,8.0,2.5,0,1.878410714437256,0.1988377493215475
u19,2013-05-21,8.0,1.0,0,1.931788319837349,0.02332697456396919
u19,2013-05-22,9.0,3.0,0,2.0938109203100637,0.6651623462696022
u19,2013-05-23,9.0,2.5,0,2.2100238075050633,0.16703354523738584
u19,2013-05-24,9.0,2.5,0,2.1607912396535447,0.14984994028670062
u19,2013-05-25,9.0,2.0,0,2.300873763773011,0.029600371856341894
u19,2013-05-26,9.0,2.0,0,2.223626668445344,0.2664608698517394
u19,2013-05-29,10.0,4.0,1,2.252682986482815,0.056823179028169635
u19,2013-05-31,10.0,5.0,1,2.3397629443151224,0.9634650789896222
u19,2013-06-01,10.0,4.0,1,2.497258772301011,0.1194865382574723
u20,2013-03-27,,4.0,1,1.0195996805273557,0.02727077617790841
u20,2013-03-29,,1.0,0,1.689639257588229,0.15474635386772292
u20,2013-04-03,,1.0,0,1.6042464263941558,0.048203808127087786
u20,2013-04-04,,1.0,0,1.0066422393059635,0.05933506141750152
u20,2013-04-06,,1.0,0,1.1396322693955314,0.0484608562677058
u20,2013-04-07,,1.0,0,1.0710566346330728,0.03059252521580899
u20,2013-04-11,,2.0,0,1.0067331964662103,0.03854277629853009
u22,2013-03-27,,2.0,0,2.7441717376377146,0.27433239137697585
u22,2013-03-28,,3.6666666666666665,0,2.376428056959644,0.33177627503070267
u22,2013-03-29,,2.333333333333333,0,2.4558002392939895,0.243166764078466
u22,2013-03-30,,2.333333333333333,0,2.481246200307524,0.2689833629949096
u22,2013-03-31,,2.0,0,2.8053413434245833,0.41214983662837495
u22,2013-04-01,,1.0,0,2.7065978697167066,0.21003170669963264
u22,2013-04-02,,2.5,0,2.517390633284927,0.35830508331478106
u22,2013-04-03,,4.0,1,2.362893803949296,0.29535583022053963
u22,2013-04-04,,1.75,0,2.632691143494138,0.2567075489004567
u22,2013-04-05,,1.0,0,2.6608742340101665,0.46454638947092425
u22,2013-04-07,,4.5,1,2.5059504565252704,0.49633235634642014
u22,2013-04-08,,5.0,1,2.5321880254900724,0.0906499483267639
u22,2013-04-09,,4.0,1,2.6415987834236296,0.18317539329830343
u22,2013-04-10,,2.5,0,2.6032605511283786,0.28337402111350485
u22,2013-04-11,,4.0,1,2.66825059821381,0.2446272812186196
u22,2013-04-12,,2.0,0,2.742292875567777,0.12214551538633976
u22,2013-04-13,,2.0,0,2.7947594279600874,0.38053954457067846
u22,2013-04-14,,1.0,0,2.82765064859664,0.35368314926208044
u22,2013-04-15,,1.0,0,2.306902584337334,0.23259762341794868
u22,2013-04-16,,1.0,0,2.510240043369778,0.3525605344908063
u22,2013-04-17,,1.0,0,2.707558364825589,0.1773586240480938
u22,2013-04-18,,2.0,0,2.7209083666050446,0.2215456230393937
u22,2013-04-20,,1.0,0,2.7632832242845433,0.1342130258139272
u22,2013-04-23,,4.0,1,2.4262980069256375,0.131608497042898
u22,2013-05-06,,4.0,1,2.690066583115884,0.19325406773825354
u22,2013-05-07,6.0,4.0,1,2.646002184813547,0.12839896326681385
u22,2013-05-12,,4.0,1,2.509224917281269,0.16460789124756994
u22,2013-05-15,,1.0,0,2.6596240595319545,0.3397632331207086
u22,2013-05-23,,4.0,1,2.453408160384087,0.15930611082465262
u23,2013-03-27,,1.0,0,1.3379131917148346,0.03239532066366595
u23,2013-03-28,,1.25,0,1.3834798172637872,0.03143252256083799
u23,2013-03-29,,1.3333333333333333,0,1.1547085093606935,0.05615934105965136
u23,2013-03-30,,3.0,0,1.1008701064529332,0.030978498452425982
u23,2013-03-31,,3.0,0,1.110639050148747,0.036941703512994785
u23,2013-04-01,,1.0,0,1.311379233008676,0.01298662602636822
u23,2013-04-02,,1.0,0,1.4213179360023647,0.03386390233345357
u23,2013-04-03,,1.0,0,1.3115215797789697,0.04996629912344675
u23,2013-04-04,,1.0,0,1.0965954801041218,0.06743381964935351
u23,2013-04-05,,1.0,0,1.4940371802233385,0.04718158606500236
u23,2013-04-06,,2.5,0,1.1409489896744558,0.043524746262220096
u23,2013-04-07,,2.5,0,1.493815687328314,0.03790740443399673
u23,2013-04-08,,1.0,0,1.2606001232981356,0.016461891219558666
u23,2013-04-09,,1.0,0,1.3041214389049678,0.02349532418621333
u23,2013-04-10,,1.0,0,1.3756544160022546,0.03419700480955483
u23,2013-04-12,,1.0,0,1.4001168219287758,0.03208515191993093
u23,2013-04-13,,1.0,0,1.5947399290137414,0.053196002428743436
u23,2013-04-14,,1.0,0,1.4694317152380447,0.03841217028027393
u23,2013-04-17,,1.0,0,1.4134243281649916,0.022642059959152448
u23,2013-04-18,,1.0,0,1.3553478684928975,0.03627539412859657
u23,2013-04-20,,1.0,0,1.511390158358099,0.06608963553892028
u23,2013-04-26,,1.0,0,1.495654575407059,0.04414918901215574
u23,2013-04-30,,1.0,0,1.4726584799092344,0.036803376382040245
u23,2013-05-01,,1.0,0,1.4436575970318828,0.030120848723209883
u24,2013-03-27,,1.0,0,1.8619694970871112,0.05398450233018861
u24,2013-03-28,,2.0,0,1.9451791167559833,0.01849573687664302
u24,2013-03-29,,2.6666666666666665,0,1.8841757541316604,0.03399190958990261
u24,2013-03-30,,1.5,0,2.087625431251491,0.02566394122755519
u24,2013-03-31,,3.0,0,1.8491626654415727,0.0558122922214192
u24,2013-04-01,,3.0,0,1.7651415412608662,0.01389945593068593
u24,2013-04-05,,2.5,0,1.9582612926029754,0.05036410169655246
u24,2013-04-06,,1.0,0,2.129564997638384,0.037174109091640775
u24,2013-04-07,,2.0,0,1.873323538888136,0.035373764368451625
u24,2013-04-08,,1.0,0,1.7676142680394324,0.009416650873798624
u24,2013-04-09,,2.0,0,1.8940492850858326,0.037407945183652855
u24,2013-04-12,,1.3333333333333333,0,2.010644406670904,0.0337515972213372
u24,2013-04-13,,1.5,0,2.155658279860535,0.04246139584308856
u24,2013-04-14,,2.0,0,1.842429776852704,0.020650738518006837
u24,2013-04-15,,1.0,0,1.7990093457951173,0.022347641419497327
u24,2013-04-17,,2.0,0,1.8577953064238109,0.009321360475611074
u24,2013-04-29,,2.0,0,1.7820388951775608,0.01507448681400881
u24,2013-05-13,7.0,1.0,0,1.8315456479347394,0.03444938689437508
u24,2013-05-15,8.0,2.0,0,2.0045063754887744,0.034925108702315855
u24,2013-05-17,8.0,3.0,0,1.9759082041140246,0.030130517849599144
u24,2013-05-18,8.0,1.0,0,2.0432223859423284,0.03793676722989824
u24,2013-05-20,,2.0,0,1.8204183432496306,0.013196072798896003
u24,2013-05-22,,2.0,0,1.8604012069227394,0.05544604553424235
u25,2013-03-27,,4.0,1,2.7882133367885418,0.28506658676894825
u25,2013-03-28,,1.0,0,3.0042427184627236,0.26687297283163053
u25,2013-03-29,,2.5,0,3.0240492159932417,0.4042315445175037
u25,2013-03-30,,4.0,1,2.9629969537033585,0.27464321193470875
u25,2013-04-01,,1.3333333333333333,0,2.8280393740617624,0.1840955211262372
u25,2013-04-02,,1.0,0,2.7200301842989694,0.23883441873983755
u25,2013-04-03,,4.0,1,2.7958360565755243,0.24453541787150035
u25,2013-04-04,,4.0,1,2.695733421953289,0.11721258091921892
u25,2013-04-05,,2.5,0,3.0568453027918854,0.1617405532749914
u25,2013-04-06,,4.0,1,2.7469858617270018,0.24434719690499637
u25,2013-04-08,,2.0,0,2.6701933722254836,0.28335387116854244
u25,2013-04-09,,4.0,1,2.520239805788986,0.19198554534534915
u25,2013-04-12,,3.0,0,2.8759977093126,0.21230363985248585
u25,2013-04-15,,3.0,0,2.6689318871984007,0.501863209811462
u25,2013-04-16,,4.0,1,2.800678074345922,0.3237032572506273
u25,2013-04-18,,1.0,0,2.986945307137382,0.3275236616215696
u27,2013-03-28,,1.5,0,1.9072589047939776,0.08749526717923571
u27,2013-03-29,,2.0,0,1.8412768480900192,0.0531905187909621
u27,2013-03-30,,1.0,0,2.013514856396317,0.04431615230940712
u27,2013-04-02,,1.0,0,1.772359170044723,0.03553819854687111
u27,2013-04-03,,1.0,0,1.8599310933819369,0.07144017187408078
u27,2013-04-04,,1.0,0,1.8211341865349135,0.09892235617466964
u27,2013-04-05,,1.0,0,1.7683974764907917,0.029565481360117347
u27,2013-04-08,,3.0,0,1.744762372736167,0.01205352224311658
u27,2013-04-10,,3.0,0,1.7174309434363084,0.014214581899300785
u27,2013-04-14,,2.0,0,1.971285412853053,0.056548123569616686
u27,2013-04-15,,1.0,0,1.8477613220493037,0.04233918451884608
u27,2013-04-16,,1.0,0,1.7504320073850501,0.08702489485941695
u27,2013-04-17,,2.0,0,1.6589321824869552,0.0533594365900882
u27,2013-04-18,,2.6666666666666665,0,1.7589536176046758,0.06649756079727413
u27,2013-04-25,5.0,4.0,1,1.5068973303290418,0.02000231356370397
u27,2013-04-26,,1.0,0,1.8470245187117922,0.03785362295863256
u27,2013-04-28,5.0,2.0,0,1.6559990398120257,0.07409754754974489
u27,2013-05-07,6.0,1.0,0,1.7677396560998557,0.019303975199554787
u27,2013-05-08,,4.0,1,1.770048369790342,0.05111691553803116
u30,2013-03-28,,2.5,0,2.998082936733292,0.33842865678298817
u30,2013-03-29,,2.0,0,3.0247868670733915,0.772188102394236
u30,2013-03-31,,2.5,0,3.0417330224509556,0.44531896984232994
u30,2013-04-03,,4.0,1,3.011860041334667,0.33744684075706477
u30,2013-04-06,,3.8,0,3.2172616898158215,0.36562095244509873
u30,2013-04-07,,2.0,0,3.3832397708900475,0.5610258000024811
u30,2013-04-10,,4.5,1,2.8833046131141646,0.3808154356856479
u30,2013-04-11,,4.0,1,2.791745534359326,0.48859562937822676
u30,2013-04-13,,4.0,1,3.2695318704080605,0.5949609100111983
u30,2013-04-14,,4.0,1,3.033158134410388,0.6928793743596147
u30,2013-04-16,,4.0,1,2.5674303028547527,0.059160374426561586
u30,2013-04-17,,1.0,0,2.922349559131176,0.875568881142542
u30,2013-04-18,,2.5,0,2.5735369624811453,0.8751802763661254
u30,2013-04-20,,1.0,0,3.149534653613087,0.7652935812162478
u30,2013-04-22,,4.0,1,2.6794963639742493,0.08969915244259595
u30,2013-04-25,5.0,4.0,1,2.32579037054622,0.056113504413651885
u30,2013-04-26,,1.0,0,3.0746777164083796,0.6950028777460291
u30,2013-04-29,,1.0,0,2.7531720091141865,0.8272874133993366
u30,2013-05-03,,4.0,1,2.9844642090640434,0.08115565321482857
u31,2013-03-28,,4.0,1,2.486534315085227,0.5213771496451957
u31,2013-03-29,,5.0,1,1.9636859993628522,0.16599777128445006
u31,2013-03-30,,3.0,0,1.903553243972592,0.30809784977852755
u31,2013-04-02,,4.0,1,1.893996626990198,0.16145108681307271
u31,2013-04-04,,2.5,0,2.6656306637087503,0.5053164017705176
u31,2013-04-05,,1.0,0,2.680124321672078,0.35928003274029324
u31,2013-04-12,,4.0,1,1.876982379255355,0.2533537449348637
u31,2013-04-14,,1.0,0,2.004275418175987,0.1451303498684504
u31,2013-04-15,,1.0,0,2.5346438655961414,0.14284949714697606
u31,2013-04-16,,1.0,0,2.6633540471210893,0.09318345073619771
u31,2013-04-17,,1.0,0,1.891163357901604,0.2748099050073128
u32,2013-03-30,,4.0,1,2.397931053698647,0.5196614674006346
u32,2013-03-31,,4.0,1,2.445766787287817,0.35180377670674945
u32,2013-04-01,,1.0,0,2.2027945966131077,0.1357093987790351
u32,2013-04-02,,1.0,0,2.1486575761996143,0.6159100380695902
u32,2013-04-03,,1.0,0,2.7275975842620355,0.47885968056854733
u32,2013-04-04,,2.5,0,2.7877007751393608,0.30653088674055157
u32,2013-04-05,,1.0,0,2.803257035341531,0.2288149345744553
u32,2013-04-06,,4.0,1,2.8821293122394405,0.4618337477513808
u32,2013-04-07,,4.0,1,2.5991123098335205,0.22422203763507148
u32,2013-04-08,,3.0,0,2.2595102983857327,0.10595249779909881
u32,2013-04-09,,4.0,1,2.2011438600593585,0.058889668729749385
u32,2013-04-10,,4.0,1,2.2909988387493136,0.43106172072762344
u32,2013-04-11,,1.0,0,2.320870999105127,0.44738078958015176
u32,2013-04-12,,4.0,1,2.3342043120422638,0.21956885273703028
u32,2013-04-13,,4.0,1,2.3002478512806475,0.3102309459511382
u32,2013-04-14,,1.0,0,2.6718164186426883,0.45698597398733654
u32,2013-04-15,,1.0,0,2.651024287998312,0.06741981894326998
u32,2013-04-16,,1.0,0,2.2134772358305375,0.16057536009667508
u32,2013-04-17,,2.5,0,2.2430817790033264,0.22548815437628406
u32,2013-04-18,,4.0,1,2.267213959022996,0.30161815035618567
u32,2013-04-20,,4.0,1,2.8312206532938298,0.48815209903081275
u32,2013-04-21,,1.0,0,2.8491200022847565,0.10901252141528463
u32,2013-04-22,,3.0,0,2.357992099570316,0.2332205797338876
u32,2013-04-23,,4.0,1,2.205758576593133,0.15174703155845817
u32,2013-04-24,,4.0,1,2.730157163372498,0.17446090751187404
u32,2013-04-26,5.0,1.0,0,2.0868687192476867,0.5196151651000781
u32,2013-04-28,,1.0,0,2.290818653283276,0.18134368522438002
u32,2013-04-29,,1.0,0,2.7115993091363726,0.16478774796304968
u32,2013-04-30,5.0,4.0,1,2.0014375624898286,0.14841513671341663
u32,2013-05-05,6.0,1.0,0,2.783331669403591,0.15875415704132861
u32,2013-05-06,6.0,1.0,0,2.0926497816867182,0.07193644640449262
u32,2013-05-07,,1.0,0,2.7169171759409583,0.256344323934579
u32,2013-05-08,,1.0,0,2.7256475357194425,0.21753240477015998
u32,2013-05-10,,1.0,0,2.7823761389525936,0.24777792256838518
u32,2013-05-14,,1.0,0,2.5770336608811526,0.3572936762881436
u32,2013-05-18,,5.0,1,2.41949865307617,0.6928505459905245
u32,2013-05-22,,1.0,0,2.713106087130001,0.04027524539716251
u32,2013-05-24,,1.0,0,2.8166878336731087,0.02744854367130825
u32,2013-05-27,9.0,4.0,1,2.8983684468082203,0.14841060772406028
u33,2013-03-28,,4.0,1,2.762021991985924,0.4173889007591901
u33,2013-03-29,,1.0,0,2.788605161995556,0.5052420538920688
u33,2013-03-30,,1.0,0,3.0331735016460852,0.4974659717443109
u33,2013-03-31,,4.0,1,3.0864544395030893,0.3485328298309378
u33,2013-04-01,,2.0,0,2.7588464162233706,0.16838192782991102
u33,2013-04-02,,2.0,0,2.7257664302700744,0.11882266658406769
u33,2013-04-03,,2.0,0,2.879846064600548,0.1280510919208478
u33,2013-04-04,,2.0,0,2.7513608465066457,0.2823837633922953
u33,2013-04-05,,2.5,0,3.039305940761618,0.8351157890997325
u33,2013-04-06,,1.0,0,2.885880318879528,0.3932615047373039
u33,2013-04-07,,4.0,1,3.013941090231181,0.22581450165228295
u33,2013-04-08,,4.0,1,2.723488130334178,0.1624994365066683
u33,2013-04-09,,3.4,0,2.833987224430061,0.44079400945472985
u33,2013-04-10,,2.5,0,2.847219553022927,0.2359090367441123
u33,2013-04-11,,4.0,1,2.8594650662938914,0.5281663122811464
u33,2013-04-12,,2.5,0,2.9529709275847376,0.12424652791512512
u33,2013-04-13,,4.0,1,2.7544428214863137,0.15714071784750103
u33,2013-04-14,,1.0,0,3.029900454195539,0.1984066859386459
u33,2013-04-15,,4.0,1,2.7427338612214087,0.09845130305220536
u33,2013-04-16,,4.0,1,2.8476404499360815,0.3981603096053953
u33,2013-04-17,,2.5,0,2.8297316602387617,0.18313272710216918
u33,2013-04-18,,4.0,1,2.7201084369157558,0.17797820122592364
u33,2013-04-20,,5.0,1,2.765621674219705,0.1766350580923792
u33,2013-04-28,,2.0,0,3.0663988921390795,0.155658762993054
u33,2013-04-29,,2.333333333333333,0,2.8682900907803783,0.11683278591597411
u33,2013-04-30,5.0,3.0,0,2.7535652098337366,0.656284894699991
u33,2013-05-01,,3.0,0,2.87574343856118,0.20953933538406805
u33,2013-05-02,,2.0,0,2.8770396309427415,0.18798793253792084
u33,2013-05-06,,3.0,0,2.8786904536230193,0.16446184038765724
u33,2013-05-07,6.0,3.0,0,2.78865762834267,0.17894700025004762
u33,2013-05-08,7.0,3.0,0,2.9141770853066955,0.3908697151662556
u33,2013-05-14,,3.0,0,2.8676261315333766,0.07579387555324887
u33,2013-05-15,,3.0,0,2.727085521639654,0.07181637232359814
u33,2013-05-16,,3.0,0,2.797103660778779,0.48858260725590785
u33,2013-05-17,,3.0,0,2.9704903776895377,0.1973555359998367
u33,2013-05-18,8.0,3.0,0,3.0959842219069977,0.06036769421928366
u33,2013-05-19,,3.0,0,2.8644413496705963,0.33160133960790555
u33,2013-05-22,9.0,3.0,0,3.0295392119053726,0.4896823366198062
u33,2013-05-24,,3.5,0,2.860067352715994,0.19929115098385627
u33,2013-05-29,10.0,2.0,0,3.0604386159128505,0.10520127366168307
u34,2013-03-31,,4.0,1,1.7883335083123217,0.0924317003329628
u34,2013-04-02,,1.0,0,2.512752381333624,0.5095171401987131
u34,2013-04-03,,4.0,1,1.6460724695074442,0.04404341902212967
u34,2013-04-04,,1.0,0,2.107494743646184,0.35080566193067586
u34,2013-04-15,,1.0,0,2.4896636403986725,0.4683697499859444
u34,2013-04-29,,1.0,0,2.114037412419091,0.7551742982853301
u35,2013-03-29,,2.5,0,2.6173615713369154,0.31248148957409533
u35,2013-03-30,,5.0,1,2.6306046847220457,0.24899888306692897
u35,2013-03-31,,4.0,1,2.5483976460733246,0.12996356208811932
u35,2013-04-02,,1.0,0,2.58365779501426,0.23462492173054347
u35,2013-04-03,,2.0,0,2.5584801432085293,0.14248378836369432
u35,2013-04-04,,4.0,1,2.4128039474969807,0.2865226740719535
u35,2013-04-05,,4.5,1,2.638508177188697,0.3067349080307373
u35,2013-04-06,,5.0,1,2.595036334133777,0.4010070364781433
u35,2013-04-09,,4.0,1,2.574267214304116,0.2412634976802121
u35,2013-04-10,,1.0,0,2.5974514264457773,0.33585433957831484
u35,2013-04-11,,5.0,1,2.4092496292211414,0.28111846956172687
u35,2013-04-12,,1.0,0,2.4782684852442407,0.39797480542293234
u35,2013-04-13,,1.0,0,2.6013379409641284,0.15752344288819325
u35,2013-04-14,,4.0,1,2.582378185804583,0.22119014713372037
u35,2013-04-15,,1.0,0,2.3613773414095163,0.338666273169879
u35,2013-04-16,,1.0,0,2.496577027604438,0.297016865229985
u35,2013-04-18,,1.5,0,2.629043478933763,0.25479572931750766
u35,2013-04-19,,4.0,1,2.6182255269676724,0.3002499869885074
u35,2013-04-21,,1.5,0,2.640023549438278,0.24243326367481138
u35,2013-04-22,,3.0,0,2.419172065065325,0.05588021680112425
u35,2013-04-29,,1.6666666666666667,0,2.4000211927685546,0.18114466538293555
u35,2013-05-02,,1.0,0,2.5226413720983754,0.157014380083882
u35,2013-05-07,,5.0,1,2.4863846142192756,0.24584741002329533
u35,2013-05-08,7.0,1.0,0,2.5225834918589345,0.07680253302847298
u35,2013-05-12,7.0,3.0,0,2.629154502138121,0.22713019683883756
u35,2013-05-19,8.0,1.0,0,2.894727255106553,0.30663687185643046
u35,2013-05-21,,1.0,0,2.439883167436291,0.13571725064091203
u35,2013-05-22,,1.0,0,2.492839089489342,0.11193969181285551
u36,2013-03-30,,1.0,0,1.4785605578512624,0.025938059336291376
u36,2013-03-31,,1.0,0,1.4873249057950968,0.03575582351531821
u36,2013-04-02,,1.0,0,1.414449992136242,0.048101891576082884
u36,2013-04-03,,1.0,0,1.465232343649539,0.03888043309237005
u36,2013-04-04,,1.0,0,1.4734456212549363,0.03944273319024796
u36,2013-04-05,,2.0,0,1.5060288278907876,0.04221474916976243
u36,2013-04-06,,2.0,0,1.529039412597851,0.016547243058358047
u36,2013-04-07,,3.0,0,1.52877817643434,0.014113122799422268
u36,2013-04-09,,1.0,0,1.4931650694588516,0.02994187977809581
u36,2013-04-10,,1.0,0,1.5226239243667097,0.026446452515462408
u36,2013-04-11,,2.0,0,1.5572089582419926,0.08695085582128788
u36,2013-04-12,,2.333333333333333,0,1.4810348922293288,0.03126028229378006
u36,2013-04-13,,2.0,0,1.4676224594263445,0.08333492147331431
u36,2013-04-14,,1.0,0,1.519548789979944,0.010981999337770856
u36,2013-04-15,,2.0,0,1.4077242386182953,0.03265807624117571
u36,2013-04-16,,2.0,0,1.3029464923389074,0.0556762095487595
u36,2013-04-17,,2.0,0,1.378440417271189,0.0634111168034261
u36,2013-04-18,,1.0,0,1.5372339498287222,0.04392777487252374
u36,2013-04-20,,1.0,0,1.8762909108631245,0.18114915850868205
u36,2013-04-29,,1.0,0,1.3359843678609449,0.03664402757994774
u36,2013-04-30,5.0,1.0,0,1.0706076131915438,0.13961213740119116
u36,2013-05-01,,1.0,0,1.4872526412896876,0.021945069764776164
u36,2013-05-03,6.0,1.0,0,1.3710447489739246,0.03037470738726776
u36,2013-05-06,6.0,1.0,0,1.1918042751218993,0.017087006802253744
u36,2013-05-07,6.0,1.0,0,1.4376225849757647,0.04259999757150308
u36,2013-05-08,7.0,1.0,0,1.530358693144981,0.07166126936081896
u36,2013-05-09,7.0,1.0,0,1.5315075841633417,0.03315526589347981
u36,2013-05-15,8.0,1.0,0,1.5044647626707695,0.02362093239282763
u36,2013-05-16,8.0,1.0,0,1.5992071853314647,0.03187428630230432
u36,2013-05-17,,1.0,0,1.4458959755048717,0.03366444454926574
u36,2013-05-18,8.0,1.0,0,1.5795318691038918,0.06754537608969483
u36,2013-05-19,,1.0,0,1.6463627236424023,0.042619111800469546
u36,2013-05-20,8.0,1.0,0,1.6264760049961091,0.02470463049486452
u36,2013-05-21,,4.0,1,1.3450080262604809,0.01713154407225175
u36,2013-05-22,9.0,4.0,1,1.5824372330658794,0.03449084726021914
u36,2013-05-23,9.0,1.0,0,1.5630054069998973,0.4566491536126284
u36,2013-05-24,9.0,1.0,0,1.6669299685408856,0.32785629787483966
u39,2013-04-02,,1.0,0,0.9458760398805839,0.020912712983272134
u39,2013-04-09,,1.0,0,0.9582840332745339,0.059257204487312753
u39,2013-04-10,,1.0,0,1.0035504626046603,0.030376823140515628
u39,2013-04-13,,1.0,0,1.0326468306675294,0.03187655132876047
u39,2013-04-16,,1.0,0,0.9143322689571012,0.03293878202918671
u39,2013-04-17,,1.0,0,1.0137126821049836,0.020590136575109257
u39,2013-04-25,5.0,1.0,0,0.8878561825020173,0.014559686551223935
u41,2013-03-31,,2.0,0,2.2768109588008993,0.02499239468882037
u41,2013-04-03,,2.0,0,1.991935453857898,0.048889232239394016
u41,2013-04-04,,2.0,0,1.7810326325060686,0.06483374581264492
u41,2013-04-09,,1.0,0,2.0976162430946568,0.1485380636719037
u41,2013-04-13,,2.0,0,2.0582839425474178,0.029473353254560075
u41,2013-04-14,,3.0,0,1.8040065942393817,0.23261502938919532
u41,2013-04-16,,1.0,0,2.0412031199839076,0.09641259687156783
u41,2013-04-26,,1.0,0,2.063797241930706,0.1696148389342769
u41,2013-04-28,,2.0,0,2.262787715897304,0.08113677773702135
u41,2013-04-30,,3.0,0,2.108607973050619,0.054678321521240025
u41,2013-05-08,,3.0,0,1.8022131900958243,0.07482235458071332
u42,2013-04-02,,5.0,1,3.305524410293906,0.8344756963820728
u42,2013-04-03,,4.5,1,3.2795617447334466,0.5531204961960494
u42,2013-04-04,,2.5,0,3.221309538281761,0.6143921591551751
u42,2013-04-05,,4.0,1,3.1692424575475755,0.7908265799670544
u42,2013-04-07,,2.0,0,3.3644215076047805,0.24631229585952344
u42,2013-04-09,,4.0,1,3.261451823148642,0.5146910245051081
u42,2013-04-13,,4.0,1,3.100210660485471,0.2652010423666366
u42,2013-04-14,,1.0,0,3.298699324315434,0.33863535989710014
u42,2013-04-23,,1.0,0,3.258759898154649,0.5707624097637428
u42,2013-04-26,,4.0,1,3.2355091503624083,0.367528532274615
u42,2013-04-28,,1.0,0,3.280911617225637,0.1268277647077348
u42,2013-04-29,,1.0,0,3.2455057814674415,0.8439726920778435
u42,2013-05-08,7.0,2.6666666666666665,0,3.1687506897383706,0.185425162582315
u42,2013-05-13,7.0,1.0,0,3.264121067876731,0.7251268674039181
u42,2013-05-14,7.0,4.0,1,3.2516984069424693,0.6384206639969549
u42,2013-05-15,8.0,5.0,1,3.000609237212418,0.5552095129754775
u42,2013-05-19,8.0,4.0,1,3.401021027580752,0.1714215859615479
u42,2013-05-21,,4.0,1,3.1699660355319526,0.6164446074268309
u42,2013-05-22,9.0,4.0,1,3.435610850719007,0.8278854416483666
u43,2013-04-01,,2.0,0,1.9160548501551258,0.09498676801293791
u43,2013-04-02,,1.6666666666666667,0,1.9256891343111933,0.06762948201474939
u43,2013-04-03,,1.8333333333333333,0,1.8616594559621562,0.1142573215279788
u43,2013-04-04,,1.25,0,1.955511577342008,0.035413162769567665
u43,2013-04-05,,1.5,0,1.885994052965146,0.015456284539295016
u43,2013-04-06,,2.8,0,2.04602860644927,0.04415432402169754
u43,2013-04-07,,2.75,0,1.991177772317236,0.017381176595225836
u43,2013-04-08,,1.0,0,1.7138195276890444,0.0099610233103001
u43,2013-04-09,,1.0,0,1.7860136204394137,0.03713648226216047
u43,2013-04-10,,1.0,0,2.119011130949545,0.032000493894121844
u43,2013-04-11,,1.0,0,1.955046944137191,0.07229629123621589
u43,2013-04-12,,2.5,0,1.8291586316557944,0.06480644890816926
u43,2013-04-13,,1.6666666666666667,0,1.9951265893841168,0.08365385266567968
u43,2013-04-14,,2.0,0,2.0831312842187537,0.04065134231923315
u43,2013-04-15,,2.333333333333333,0,1.8082791173637096,0.11007131197077206
u43,2013-04-16,,3.0,0,1.83489400712675,0.03143023019553313
u43,2013-04-17,,2.333333333333333,0,1.7552978621179904,0.03186487053967405
u43,2013-04-18,,3.0,0,1.7665349581876582,0.03936758961736516
u43,2013-04-21,,2.5,0,1.9882796900213884,0.019071371807467947
u43,2013-04-23,,3.0,0,1.8899616250712294,0.051459794061428185
u43,2013-04-25,5.0,3.0,0,1.5875104202313592,0.008731080119400755
u43,2013-04-26,,4.0,1,1.771139113874547,0.03284993095897304
u43,2013-04-28,,3.0,0,1.9377809508425052,0.014795166579072639
u43,2013-04-29,,2.0,0,1.7478869281626823,0.03592194570276069
u43,2013-04-30,5.0,3.0,0,1.4374726662305672,0.07751858269275845
u43,2013-05-01,6.0,3.0,0,1.7270782631354575,0.009275214681236613
u43,2013-05-02,6.0,1.0,0,1.9680469914647314,0.0444387902780865
u43,2013-05-03,6.0,1.0,0,1.728690751308048,0.02753199020212885
u43,2013-05-07,6.0,1.0,0,1.7958253262928932,0.03555286930637651
u43,2013-05-08,,1.0,0,1.9548275023504473,0.04178876711198727
u43,2013-05-09,,1.0,0,1.977851352266968,0.10811468084605129
u43,2013-05-15,,1.0,0,1.8726545622188864,0.05714606250781544
u43,2013-05-20,,1.0,0,1.8869141533241136,0.07022841525077417
u43,2013-05-21,,1.0,0,2.233606516081031,0.014978654076312782
u43,2013-05-24,,1.0,0,2.0799113734153547,0.064249084208869
u44,2013-04-02,,4.0,1,1.79687008915255,0.05577229243044204
u44,2013-04-03,,4.333333333333333,1,1.8951697488716597,0.06593294047866542
u44,2013-04-04,,2.5,0,1.7334944627644489,0.059518685997329096
u44,2013-04-05,,4.0,1,1.9407033621295926,0.03651069114023292
u44,2013-04-06,,2.5,0,1.9600823814669528,0.038178460031301036
u44,2013-04-07,,1.0,0,2.0028285925537035,0.08787939802387044
u44,2013-04-08,,2.333333333333333,0,1.8102726574214953,0.03244304178690415
u44,2013-04-09,,1.75,0,1.7007628814682527,0.0322719755527154
u44,2013-04-10,,1.5,0,1.7916026661631665,0.07080070209963811
u44,2013-04-11,,1.0,0,1.7409015508888777,0.08641268390235307
u44,2013-04-12,,1.0,0,1.8143353221345024,0.06452980226867186
u44,2013-04-13,,1.3333333333333333,0,1.9316389243765375,0.10153540395503037
u44,2013-04-15,,2.333333333333333,0,1.8042758769368714,0.10169301474349249
u44,2013-04-16,,2.5,0,1.733040388967947,0.05303247315012371
u44,2013-04-18,,1.0,0,1.9117885445313587,0.07999877225167182
u44,2013-04-20,,1.0,0,1.9752383402491884,0.08041235440568388
u44,2013-04-21,,1.0,0,2.0276005393182563,0.03734354228657987
u44,2013-04-22,,2.0,0,1.6974108311076006,0.021860976110159174
u44,2013-04-23,,2.5,0,1.691520090016673,0.19173887391690686
u44,2013-04-24,,1.0,0,1.8663335025314391,0.06851109122407735
u44,2013-04-25,5.0,1.0,0,1.7075661357320246,0.040269642324500005
u44,2013-04-26,5.0,1.0,0,1.7226926636830606,0.07380335034581595
u44,2013-04-27,,1.0,0,1.8844556568255384,0.21242732585600607
u44,2013-04-29,,2.333333333333333,0,1.7757664347491862,0.011504137445262692
u44,2013-04-30,5.0,2.0,0,1.6621276532166558,0.044382270585295376
u44,2013-05-01,6.0,1.0,0,1.6500761349219855,0.10850580627366103
u44,2013-05-02,,1.0,0,1.7178628693055789,0.09720218670489236
u44,2013-05-03,6.0,1.0,0,1.6248652167432198,0.05544181817478433
u44,2013-05-04,,1.0,0,1.9370137650120354,0.10723821599087283
u44,2013-05-05,6.0,1.0,0,1.797554538234405,0.09034145250336928
u44,2013-05-06,6.0,2.5,0,1.5844118490331798,0.11206050773042397
u44,2013-05-07,6.0,1.0,0,1.6563874353562302,0.029060757943998077
u44,2013-05-08,,2.0,0,1.7036473982401161,0.1725604497709106
u44,2013-05-09,,1.0,0,1.8917629110249545,0.16923532334720887
u44,2013-05-12,,2.5,0,1.9548290488536335,0.075587615566389
u44,2013-05-13,,1.0,0,1.799841031844485,0.3625672261283317
u44,2013-05-14,,2.0,0,1.8019286483137043,0.06050363743064123
u44,2013-05-15,8.0,4.0,1,1.8371637522518707,0.0760591502121882
u44,2013-05-16,,4.0,1,1.7406027731024687,0.056098569928036
u44,2013-05-17,,4.0,1,1.9621284417242735,0.03960701136801294
u44,2013-05-18,,1.0,0,1.8569594878436746,0.058172009675219884
u44,2013-05-19,,1.0,0,1.9953706398311806,0.07217722947254913
u44,2013-05-20,,1.0,0,1.86721784902009,0.12200369009457715
u44,2013-05-21,,1.0,0,1.765361584791251,0.03574898108703308
u44,2013-05-22,9.0,1.0,0,2.0795567313980765,0.12471144950250573
u44,2013-05-23,,1.0,0,1.9127712332918207,0.07332351522827292
u44,2013-05-24,9.0,1.0,0,2.092140066157378,0.10707466419194295
u44,2013-05-27,,2.0,0,1.5966986617988617,0.009415487855259827
u44,2013-05-31,10.0,5.0,1,2.161620532635362,0.10391285181322846
u45,2013-04-02,,3.0,0,3.0493706379685968,0.6638749385110249
u45,2013-04-03,,4.333333333333333,1,2.9862281773886785,0.1711497193627351
u45,2013-04-05,,4.5,1,3.1654549104069,0.5580193232588322
u45,2013-04-06,,1.0,0,3.179767942090684,0.6066475657633666
u45,2013-04-08,,4.5,1,2.871761766972657,0.33238848092721623
u45,2013-04-09,,1.0,0,3.131214152521138,0.20084998345053165
u45,2013-04-12,,5.0,1,3.127534934965677,0.1612166815193982
u45,2013-04-13,,5.0,1,3.249213564716171,0.5418665923578028
u45,2013-04-14,,5.0,1,3.319034239375774,0.4086292990616145
u45,2013-04-16,,5.0,1,2.7429654928843283,0.23860643449834407
u45,2013-04-18,,5.0,1,3.092628355038536,0.18063079168374688
u45,2013-04-29,,4.0,1,3.035660428948572,0.14248231059560246
u45,2013-05-05,,1.0,0,3.207295318658887,0.27500960573558614
u45,2013-05-06,6.0,1.0,0,2.9131005976635533,0.5267545530172987
u45,2013-05-07,6.0,1.0,0,3.0102915595240853,0.49642368226186606
u45,2013-05-08,7.0,2.5,0,3.033866853235238,0.3224769157775173
u45,2013-05-17,,2.0,0,3.1189422551489097,0.5347803934742575
u45,2013-05-20,,2.0,0,3.101373737629271,0.3795824145004213
u45,2013-05-25,,1.0,0,3.157437159845387,0.35414730135244094
u46,2013-03-31,,1.5,0,2.823396357183847,0.3040639397492726
u46,2013-04-01,,3.0,0,2.517758282895237,0.059478904496923404
u46,2013-04-02,,3.0,0,2.516456960665742,0.07321157445573791
u46,2013-04-03,,2.5,0,2.60322004320089,0.059377019842732394
u46,2013-04-04,,3.0,0,2.7249888966806477,0.358900979822313
u46,2013-04-05,,3.0,0,2.7234878897386805,0.5766027284095675
u46,2013-04-06,,3.5,0,2.758693574629313,0.35906936971990067
u46,2013-04-07,,3.0,0,2.7212071190342657,0.06458502097523496
u46,2013-04-08,,4.0,1,2.6071291129150174,0.3574100723656395
u46,2013-04-09,,4.0,1,2.619883180333066,0.14087023607830257
u46,2013-04-11,,3.0,0,2.564731895210101,0.06133977075317395
u46,2013-04-12,,1.0,0,2.5796722100568164,0.012220247009596211
u46,2013-04-13,,3.0,0,2.6490422648199363,0.19081912434147402
u46,2013-04-15,,3.0,0,2.6573525841911145,0.08611294551073397
u46,2013-04-17,,3.0,0,2.6545136455398315,0.3777899205691863
u46,2013-04-26,5.0,3.0,0,2.332756717772799,0.02048745730625885
u46,2013-04-28,5.0,3.0,0,2.6618539634872724,0.05420052427898507
u46,2013-04-29,,3.0,0,2.4777850944978965,0.15836850324384089
u46,2013-04-30,,3.0,0,2.509926769711762,0.23598541706957377
u46,2013-05-02,6.0,1.0,0,2.5500756878348634,0.03410724380742659
u46,2013-05-06,,2.0,0,2.675586027291346,0.02408797248453923
u46,2013-05-07,6.0,1.0,0,2.5520925335003,0.15679824451252142
u46,2013-05-09,,1.0,0,2.6667355505293355,0.43883918714965653
u47,2013-03-29,,1.0,0,2.1693385752468117,0.12252237483907708
u47,2013-04-05,,4.0,1,1.635740645396169,0.03957873970686619
u47,2013-04-12,,1.0,0,2.14294853174207,0.1882086788113582
u47,2013-04-13,,2.0,0,2.0138560156042162,0.06313468560114262
u47,2013-04-17,,1.0,0,1.9870881202443185,0.08422431831101171
u47,2013-04-18,,2.5,0,1.5030234771340343,0.1871880541503976
u47,2013-04-29,,2.0,0,1.430425631197701,0.07547194455661148
u47,2013-04-30,,2.0,0,1.446737489086731,0.12816140909303808
u47,2013-05-03,6.0,1.0,0,1.9250473991624633,0.12331634779230594
u47,2013-05-20,8.0,1.0,0,1.9705855641756198,0.0283616385380766
u47,2013-05-23,9.0,4.0,1,1.6685554556821907,0.043258309200791586
u47,2013-05-24,,1.0,0,2.124010639446271,0.34445710641221366
